Year,TechID,Value
2015,25,562.789672851563
2015,40,139054.6875
2015,50,1.0847878002096e-4
2015,81,375828.875
2015,92,6396.4501953125
2015,162,26680.73046875
2015,171,427907.84375
2015,192,6992.78564453125
2015,245,242700.09375
2015,251,297295.1875
2015,266,597114.9375
2015,321,151127.640625
2015,364,5590.2392578125
2015,366,267857.375
2015,401,35224.38671875
2015,462,46001.578125
2015,472,21754.603515625
2015,612,1034.142578125
2015,621,83035.8203125
2015,632,1824.87609863281
2015,642,3000.92114257813
2015,670,1098.41723632813
2015,690,27.5141487121582
2015,695,39.2929382324219
2015,730,1.69234466552734
2015,731,9.37931346893311
2015,750,0.270800113677979
2015,811,0.0307964123785496
2015,812,0.0165449175983667
2015,857,0.212653011083603
2015,858,0.0752896293997765
2015,865,1.9971512556076
2015,866,2.49770402908325
2015,890,338.463806152344
2015,981,0.281779855489731
2015,982,1.10959792137146
2015,991,0.166389241814613
2015,1121,481.769012451172
2015,1131,0.159675985574722
2015,1142,0.217959091067314
2015,1143,1.67499721050262
2015,1151,0.071055643260479
2015,1153,20.5483341217041
2015,1155,0.382175296545029
2015,1167,0.010981684550643
2015,1171,31.8380336761475
2015,1180,9.52593924012035e-4
2015,1181,0.0518469363451004
2015,1220,70063.75
2015,1221,1887.99963378906
2015,1222,10005.9580078125
2015,1280,1247.42724609375
2015,1365,280.72412109375
2015,1464,82845.9140625
2015,1471,3537.09423828125
2015,1472,4349.16162109375
2015,1530,6133.9609375
2015,1603,180.811813354492
2015,1615,10371.1572265625
2015,1640,11736.158203125
2015,1690,16312.0078125
2015,1702,6474.53125
2015,2030,13.5736999511719
2015,2050,17.9322967529297
2015,2110,61.0087585449219
2015,2120,11.8360052108765
2015,2130,7.31953907012939
2015,2140,2.8847975730896
2015,2150,18.0410976409912
2015,2160,82.1611328125
2015,2170,10.6979064941406
2015,2180,3.87775778770447
2015,2240,0.358727872371674
2015,2250,7.21357822418213
2015,2270,9.99358749389648
2015,2300,0.635606169700623
2015,2320,1.26631057262421
2015,2330,1.98368942737579
2015,3020,15.4810495376587
2015,3040,7.3303108215332
2015,4010,1.60927081108093
2015,4060,0.445534139871597
2015,4070,4.86678028106689
2015,4090,0.70592212677002
2015,4100,9.41646099090576
2015,4140,1.30853176116943
2015,4150,10.9312219619751
2015,4170,2.00010085105896
2015,4190,17.7238159179688
2015,4220,3.57811212539673
2015,4230,0.454443126916885
2015,4250,5.25228786468506
2015,4270,0.648434400558472
2015,5004,1783.65100097656
2015,5005,2018.48718261719
2015,5016,28473.10546875
2015,5017,30612.408203125
2015,5025,662.115661621094
2015,5026,1329.28369140625
2015,5080,77.8396224975586
2015,5081,349.504608154297
2015,5204,1704.99328613281
2015,5205,1967.18493652344
2015,5216,21605.9140625
2015,5217,24076.69921875
2015,5225,544.208190917969
2015,5226,1148.52124023438
2015,5280,60.5340728759766
2015,5281,301.985168457031
2015,5416,6031.83740234375
2015,5417,6832.1650390625
2015,5425,195.980850219727
2015,5426,386.317138671875
2015,5480,27.6709651947021
2015,5481,114.393173217773
2015,5616,3083.107421875
2015,5617,3706.890625
2015,5625,132.927047729492
2015,5626,267.861328125
2015,5680,19.3130378723145
2015,5681,80.5677947998047
2015,5804,1655.1376953125
2015,5805,1782.11474609375
2015,5816,12848.171875
2015,5817,13848.7275390625
2015,5825,253.470993041992
2015,5826,551.012390136719
2015,5880,20.259693145752
2015,5881,119.870300292969
2016,25,537.433471679688
2016,40,132982.921875
2016,50,3.42424522386864e-4
2016,81,344413.65625
2016,92,5502.9091796875
2016,162,24712.439453125
2016,171,384917.84375
2016,192,6311.42333984375
2016,245,226902.8125
2016,251,259025.109375
2016,266,536293.1875
2016,321,145139.46875
2016,364,5359.3642578125
2016,366,229401.8125
2016,401,34317.046875
2016,462,50319.015625
2016,472,26066.521484375
2016,612,1242.55444335938
2016,621,81820.484375
2016,632,2196.736328125
2016,642,2852.41259765625
2016,1222,16957.8515625
2016,1280,1871.89477539063
2016,1302,924.911376953125
2016,1464,139849.921875
2016,1472,7343.44775390625
2016,1592,16.9705009460449
2016,1603,226.01123046875
2016,1615,15746.65625
2016,1680,48.9304428100586
2016,1690,26828.80859375
2016,1702,6457.95703125
2016,2050,31.5059967041016
2016,2150,31.8898067474365
2016,2160,141.157180786133
2016,2170,18.3244514465332
2016,2180,6.4555492401123
2016,2270,17.0589179992676
2016,2300,1.14258253574371
2016,2330,3.25
2016,3020,16.1525039672852
2016,3040,7.6482458114624
2016,4010,1.60232329368591
2016,4090,0.957180619239807
2016,4100,14.2215766906738
2016,4170,2.75039458274841
2016,4190,28.5740089416504
2016,4250,8.80542945861816
2016,4270,0.916798233985901
2016,5005,3665.7470703125
2016,5017,55729.19921875
2016,5026,2430.16625976563
2016,5034,181.426208496094
2016,5081,574.666259765625
2016,5205,3511.45727539063
2016,5217,43039.21484375
2016,5226,2063.41845703125
2016,5234,165.502716064453
2016,5281,485.136474609375
2016,5417,12079.8564453125
2016,5426,686.514526367188
2016,5434,80.7489395141602
2016,5481,174.212310791016
2016,5617,6361.85009765625
2016,5626,462.354766845703
2016,5634,44.8661689758301
2016,5681,117.361946105957
2016,5805,3252.90795898438
2016,5817,25264.611328125
2016,5826,1009.52801513672
2016,5834,50.9991798400879
2016,5881,203.821014404297
2017,25,420.910919189453
2017,40,103766.9140625
2017,50,4.86161996377632e-4
2017,81,397322.78125
2017,92,451.081146240234
2017,162,9138.91796875
2017,171,443191.59375
2017,192,2856.38403320313
2017,245,261910.484375
2017,251,221228.71875
2017,266,466653.1875
2017,321,121292.984375
2017,364,5792.48876953125
2017,366,184850.0625
2017,401,35771.22265625
2017,462,40158.61328125
2017,472,21332.0703125
2017,612,453.272705078125
2017,621,72228.546875
2017,632,978.061340332031
2017,642,3565.15673828125
2017,670,3350.2109375
2017,695,210.770980834961
2017,731,156.325271606445
2017,750,4.96716785430908
2017,812,0.301088631153107
2017,858,1.24685871601105
2017,866,35.0328788757324
2017,982,17.0343894958496
2017,1121,2383.61352539063
2017,1131,0.440953403711319
2017,1143,15.2128505706787
2017,1155,5.80859756469727
2017,1167,0.0299321822822094
2017,1171,153.427841186523
2017,1181,0.648372292518616
2017,1222,15755.71875
2017,1280,3428.28125
2017,1302,1677.47326660156
2017,1464,129163.203125
2017,1472,6767.669921875
2017,1592,16.2448978424072
2017,1603,229.644058227539
2017,1615,14771.076171875
2017,1680,47.2610931396484
2017,1690,25195.46484375
2017,1702,8637.48046875
2017,2050,31.5059967041016
2017,2150,31.7424640655518
2017,2160,141.304534912109
2017,2170,18.3124351501465
2017,2180,6.46756601333618
2017,2270,17.0707702636719
2017,2300,1.130730509758
2017,2330,3.25
2017,3020,16.8025360107422
2017,3040,7.95603799819946
2017,4010,1.27124762535095
2017,4090,1.09853613376617
2017,4100,11.2830810546875
2017,4170,3.15656971931458
2017,4190,23.9279899597168
2017,4250,7.37370204925537
2017,4270,1.05219006538391
2017,5005,3387.24853515625
2017,5017,51646.50390625
2017,5026,2261.33178710938
2017,5034,356.608551025391
2017,5081,1122.6064453125
2017,5205,3241.73413085938
2017,5217,39801.65234375
2017,5226,1917.61743164063
2017,5234,319.884460449219
2017,5281,986.999877929688
2017,5417,11159.0654296875
2017,5426,637.335083007813
2017,5434,147.337539672852
2017,5481,285.489074707031
2017,5617,5873.96337890625
2017,5626,429.488159179688
2017,5634,80.2116241455078
2017,5681,177.775146484375
2017,5805,3016.89135742188
2017,5817,23416.234375
2017,5826,939.836364746094
2017,5834,108.401840209961
2017,5881,488.829315185547
2018,25,510.774932861328
2018,40,125671.9921875
2018,50,8.2569447113201e-4
2018,81,478399.40625
2018,92,259.995178222656
2018,162,5444.71875
2018,171,546108.0625
2018,192,2231.0595703125
2018,245,363402.90625
2018,251,183421.453125
2018,266,467130.875
2018,321,152610.640625
2018,364,3455.2421875
2018,366,133930.65625
2018,401,44892.67578125
2018,462,37867.6796875
2018,472,18059.30859375
2018,612,275.491027832031
2018,621,91988.765625
2018,632,627.786499023438
2018,642,1709.04553222656
2018,670,1232.93994140625
2018,695,77.3272247314453
2018,731,79.4642715454102
2018,750,2.58129501342773
2018,812,0.155435308814049
2018,858,0.600052177906036
2018,866,14.7076215744019
2018,982,8.09407806396484
2018,1121,861.041625976563
2018,1131,0.158531785011292
2018,1143,5.51645088195801
2018,1155,2.85730600357056
2018,1167,0.0107195638120174
2018,1171,54.8995132446289
2018,1181,0.264363467693329
2018,1222,16073.697265625
2018,1280,2925.69287109375
2018,1302,1343.91760253906
2018,1464,131008.390625
2018,1472,6851.14794921875
2018,1592,17.790901184082
2018,1603,186.218872070313
2018,1615,14948.046875
2018,1680,49.9487609863281
2018,1690,25419.861328125
2018,1702,6851.3671875
2018,2050,31.5059967041016
2018,2150,31.9000053405762
2018,2160,141.146987915039
2018,2170,18.3516025543213
2018,2180,6.42839765548706
2018,2270,17.0596408843994
2018,2300,1.14185869693756
2018,2330,3.25
2018,3020,17.3802871704102
2018,3040,8.22960472106934
2018,4010,1.75040543079376
2018,4090,1.27147352695465
2018,4100,15.5358943939209
2018,4170,3.6534948348999
2018,4190,32.8959808349609
2018,4250,10.1372957229614
2018,4270,1.2178316116333
2018,5005,3425.13598632813
2018,5017,52367.88671875
2018,5026,2302.85791015625
2018,5034,271.240539550781
2018,5081,935.907958984375
2018,5205,3281.34912109375
2018,5217,40354.34765625
2018,5226,1954.23681640625
2018,5234,253.723388671875
2018,5281,840.4580078125
2018,5417,11331.8583984375
2018,5426,650.451049804688
2018,5434,108.844970703125
2018,5481,248.084167480469
2018,5617,5961.35986328125
2018,5626,438.516937255859
2018,5634,59.118408203125
2018,5681,161.469253540039
2018,5805,3055.39135742188
2018,5817,23701.923828125
2018,5826,955.736877441406
2018,5834,97.2000122070313
2018,5881,411.561279296875
2019,25,538.25439453125
2019,40,131590.21875
2019,50,0.00103258877061307
2019,81,489256.21875
2019,92,278.785736083984
2019,162,6099.67041015625
2019,171,556757.8125
2019,192,2439.0068359375
2019,245,392968.78125
2019,251,154781.03125
2019,266,436536.71875
2019,321,159652.984375
2019,364,4117.5693359375
2019,366,104532.046875
2019,401,40787.7578125
2019,462,38049.9765625
2019,472,16195.5751953125
2019,612,305.106262207031
2019,621,101311.1953125
2019,632,669.09814453125
2019,642,1980.72204589844
2019,670,5417.8359375
2019,695,334.442596435547
2019,731,417.928588867188
2019,750,13.7197713851929
2019,812,0.800545632839203
2019,858,2.82583975791931
2019,866,64.1647491455078
2019,982,37.8767051696777
2019,1121,3680.93408203125
2019,1131,0.671761274337769
2019,1134,1.41220079967752e-4
2019,1143,23.6871795654297
2019,1155,15.8423767089844
2019,1167,0.0463677197694778
2019,1170,1.28576415590942e-4
2019,1171,239.746231079102
2019,1181,1.1507842540741
2019,1222,15005.9814453125
2019,1280,2731.30688476563
2019,1302,1364.72045898438
2019,1464,121541.625
2019,1472,6339.751953125
2019,1592,17.5577602386475
2019,1603,200.844116210938
2019,1615,13859.09765625
2019,1680,49.8325271606445
2019,1690,23613.701171875
2019,1702,8214.56640625
2019,2050,31.5059967041016
2019,2150,31.2737579345703
2019,2160,141.773239135742
2019,2170,18.2582759857178
2019,2180,6.52172565460205
2019,2270,17.107084274292
2019,2300,1.09441494941711
2019,2330,3.25
2019,3020,17.8300914764404
2019,3040,8.44258785247803
2019,4010,1.69317615032196
2019,4090,1.45674288272858
2019,4100,15.0279512405396
2019,4170,4.18585348129272
2019,4190,32.1456680297852
2019,4250,9.90608024597168
2019,4270,1.39528453350067
2019,5005,3171.85620117188
2019,5017,48645.69921875
2019,5026,2147.43798828125
2019,5034,275.524566650391
2019,5081,856.850036621094
2019,5205,3043.6455078125
2019,5217,37497.80859375
2019,5226,1824.55444335938
2019,5234,258.637145996094
2019,5281,748.715698242188
2019,5417,10507.884765625
2019,5426,606.022888183594
2019,5434,109.89624786377
2019,5481,240.357620239258
2019,5617,5523.94873046875
2019,5626,408.795349121094
2019,5634,59.7107276916504
2019,5681,158.498138427734
2019,5805,2843.111328125
2019,5817,22040.3984375
2019,5826,892.665588378906
2019,5834,99.9969940185547
2019,5881,344.198791503906
2020,25,233.034408569336
2020,26,3683.95043945313
2020,40,129690.890625
2020,50,0.00107477721758187
2020,82,404266.90625
2020,93,1856.03356933594
2020,163,21007.849609375
2020,172,371388.6875
2020,193,10588.380859375
2020,201,302204.53125
2020,252,136286.40625
2020,267,407764.65625
2020,322,301435.75
2020,367,105325.34375
2020,375,14221.9970703125
2020,402,82653.78125
2020,463,55742.84765625
2020,473,30257.1640625
2020,613,1960.79809570313
2020,622,183384.90625
2020,633,3541.55102539063
2020,643,14149.271484375
2020,670,3759.12060546875
2020,675,1488.916015625
2020,695,222.054672241211
2020,696,314.646545410156
2020,731,179.343521118164
2020,750,22.3719120025635
2020,812,1.26215779781342
2020,858,1.88024866580963
2020,859,2.91806387901306
2020,866,43.2750968933105
2020,867,80.3457107543945
2020,940,487.80029296875
2020,982,15.1011409759521
2020,983,48.7195053100586
2020,1121,1377.93579101563
2020,1122,1958.69799804688
2020,1131,0.219774544239044
2020,1135,1.54425346408971e-4
2020,1141,0.074281357228756
2020,1143,9.07876586914063
2020,1144,127.17724609375
2020,1155,7.28957605361938
2020,1156,27.6547164916992
2020,1167,0.0155068738386035
2020,1171,88.3834228515625
2020,1172,136.021530151367
2020,1179,0.00616150768473744
2020,1181,0.40649089217186
2020,1182,3.49781560897827
2020,1222,6418.1171875
2020,1223,7869.06640625
2020,1280,1070.48486328125
2020,1302,639.070556640625
2020,1303,1086.75427246094
2020,1440,2240.12377929688
2020,1464,51789.96875
2020,1465,66697.5859375
2020,1472,2704.80590820313
2020,1473,3595.64208984375
2020,1592,7.77834892272949
2020,1603,116.854461669922
2020,1611,25.809591293335
2020,1615,5310.29052734375
2020,1616,8341.7216796875
2020,1680,23.0876502990723
2020,1683,51.0865898132324
2020,1690,9937.482421875
2020,1691,13189.54296875
2020,1703,18120.62109375
2020,2050,31.5059967041016
2020,2150,31.0959739685059
2020,2160,141.951019287109
2020,2170,18.2413959503174
2020,2180,6.53860378265381
2020,2270,17.1208610534668
2020,2300,1.08063876628876
2020,2330,3.25
2020,3020,18.0989284515381
2020,3040,8.5698823928833
2020,4010,1.69122397899628
2020,4090,1.63303351402283
2020,4100,15.0106229782104
2020,4170,4.69241333007813
2020,4190,32.3853492736816
2020,4250,9.97994136810303
2020,4270,1.56413781642914
2020,5005,1367.42944335938
2020,5006,1704.57824707031
2020,5017,21004.33984375
2020,5018,25088.0546875
2020,5026,933.230712890625
2020,5027,2124.30615234375
2020,5034,124.74153137207
2020,5035,285.235778808594
2020,5081,287.969055175781
2020,5082,1100.9931640625
2020,5205,1282.26623535156
2020,5206,1634.17944335938
2020,5217,15816.0693359375
2020,5218,19572.64453125
2020,5226,774.977416992188
2020,5227,1856.53649902344
2020,5234,113.983444213867
2020,5235,262.212554931641
2020,5281,237.681457519531
2020,5282,975.38232421875
2020,5417,4435.10302734375
2020,5418,5474.5751953125
2020,5426,257.525512695313
2020,5427,565.935363769531
2020,5434,48.3397750854492
2020,5435,104.57364654541
2020,5481,77.4161529541016
2020,5482,276.7080078125
2020,5617,2261.15649414063
2020,5618,2923.92163085938
2020,5626,168.426986694336
2020,5627,375.015716552734
2020,5634,25.7234077453613
2020,5635,56.6841812133789
2020,5681,48.068473815918
2020,5682,171.779052734375
2020,5805,1218.85180664063
2020,5806,1478.56921386719
2020,5817,9446.09765625
2020,5818,11466.845703125
2020,5826,384.729736328125
2020,5827,955.84326171875
2020,5834,44.6954917907715
2020,5835,110.307693481445
2020,5881,110.98957824707
2020,5882,491.152557373047
2021,26,40901.8203125
2021,40,397396.78125
2021,50,0.00328792398795486
2021,82,308705.4375
2021,93,2509.90234375
2021,163,31717.759765625
2021,172,263258.5625
2021,193,17435.392578125
2021,201,221270.875
2021,252,95977.671875
2021,267,310100.21875
2021,322,275433.53125
2021,367,77345.03125
2021,375,25560.96875
2021,402,79228.296875
2021,463,41430.5546875
2021,473,23501.853515625
2021,613,2855.55029296875
2021,622,183897.40625
2021,633,5701.8671875
2021,643,26198.60546875
2021,675,20902.9375
2021,696,4377.1796875
2021,750,173.287734985352
2021,812,9.82575798034668
2021,859,40.7338600158691
2021,867,1127.31018066406
2021,940,2576.05249023438
2021,983,471.253082275391
2021,1122,10597.4111328125
2021,1135,8.30654927995056e-4
2021,1141,0.746707558631897
2021,1144,690.432312011719
2021,1156,250.20068359375
2021,1172,729.878784179688
2021,1179,0.0620018541812897
2021,1182,27.1859607696533
2021,1223,13745.7578125
2021,1303,3265.66455078125
2021,1440,6204.1689453125
2021,1465,115926.515625
2021,1473,6241.9375
2021,1603,371.208770751953
2021,1611,87.6658248901367
2021,1616,13465.4462890625
2021,1683,191.869842529297
2021,1691,23214.1796875
2021,1703,33407.23828125
2021,2050,32.4285049438477
2021,2150,32.8777465820313
2021,2160,145.236129760742
2021,2170,18.3973388671875
2021,2180,6.38266181945801
2021,2270,17.5581970214844
2021,2300,1.17624795436859
2021,2330,3.3451611995697
2021,3020,18.1463298797607
2021,3040,8.59232711791992
2021,4010,1.58647334575653
2021,4090,1.77601897716522
2021,4100,14.0808982849121
2021,4170,5.10327100753784
2021,4190,30.8477058410645
2021,4250,9.50609683990479
2021,4270,1.70109057426453
2021,5006,2990.81225585938
2021,5018,44129.84765625
2021,5027,3751.0625
2021,5035,829.578674316406
2021,5082,2796.5458984375
2021,5206,2815.458984375
2021,5218,33771.8515625
2021,5227,3218.00170898438
2021,5235,758.60693359375
2021,5282,2337.490234375
2021,5418,9316.89453125
2021,5427,967.142822265625
2021,5435,305.519592285156
2021,5482,749.863403320313
2021,5618,4831.6640625
2021,5627,621.902954101563
2021,5635,163.588012695313
2021,5682,466.868988037109
2021,5806,2609.50048828125
2021,5818,20225.421875
2021,5827,1693.06701660156
2021,5835,315.825866699219
2021,5882,1091.25280761719
2022,26,77125.078125
2022,40,369158.8125
2022,50,0.00304893217980862
2022,82,303228.71875
2022,93,2670.90576171875
2022,163,38346.921875
2022,172,250925.046875
2022,193,22149.73046875
2022,201,210796.0625
2022,252,91236.9453125
2022,267,303737.28125
2022,322,283663.3125
2022,367,73762.9375
2022,375,35353.4296875
2022,402,81840.1796875
2022,463,40420.6171875
2022,473,23162.51171875
2022,613,3368.1328125
2022,622,199173.015625
2022,633,7059.2138671875
2022,643,39174.7890625
2022,675,21937.939453125
2022,696,4549.1875
2022,750,179.078964233398
2022,812,10.1555271148682
2022,859,42.4902801513672
2022,867,1182.37841796875
2022,940,2118.33227539063
2022,983,684.196533203125
2022,1122,8873.810546875
2022,1135,6.89919048454612e-4
2022,1141,1.13742971420288
2022,1144,580.337097167969
2022,1156,337.666442871094
2022,1172,585.794982910156
2022,1179,0.0913037732243538
2022,1182,27.7497463226318
2022,1223,14106.533203125
2022,1303,3507.03198242188
2022,1440,7730.68017578125
2022,1465,118153.2734375
2022,1473,6339.78564453125
2022,1603,519.978576660156
2022,1611,119.556655883789
2022,1616,13711.30078125
2022,1683,262.39892578125
2022,1691,23860.6015625
2022,1703,48112.03125
2022,2050,33.3510131835938
2022,2150,34.5586624145508
2022,2160,148.622085571289
2022,2170,18.5259704589844
2022,2180,6.25403070449829
2022,2270,18.0018348693848
2022,2300,1.26555848121643
2022,2330,3.4403223991394
2022,3020,17.9548873901367
2022,3040,8.50167846679688
2022,4010,1.26917409896851
2022,4090,1.41425335407257
2022,4100,11.2646799087524
2022,4170,4.06376266479492
2022,4190,25.0474491119385
2022,4250,7.71867609024048
2022,4270,1.35458767414093
2022,5006,3036.61889648438
2022,5018,44968.9453125
2022,5027,3838.74560546875
2022,5035,868.420288085938
2022,5082,3454.439453125
2022,5206,2865.38037109375
2022,5218,34438.17578125
2022,5227,3299.0107421875
2022,5235,800.690795898438
2022,5282,2812.2626953125
2022,5418,9398.8046875
2022,5427,981.131713867188
2022,5435,329.054321289063
2022,5482,977.765563964844
2022,5618,4847.74169921875
2022,5627,628.509582519531
2022,5635,176.975677490234
2022,5682,617.156799316406
2022,5806,2679.28540039063
2022,5818,20748.80859375
2022,5827,1744.81457519531
2022,5835,324.352966308594
2022,5882,1232.22216796875
2023,26,114068.75
2023,40,341417.5
2023,50,0.00281487731263042
2023,82,297927.75
2023,93,2626.9208984375
2023,163,42237.60546875
2023,172,239803.1875
2023,193,23767.662109375
2023,201,197005.609375
2023,252,87041.7578125
2023,267,297098.21875
2023,322,277972.375
2023,367,69000
2023,375,49849.9453125
2023,402,77340.2109375
2023,463,39179.1640625
2023,473,22008.75
2023,613,3688.83642578125
2023,622,203970.5625
2023,633,7575.15234375
2023,643,65213.6953125
2023,675,24100.046875
2023,696,4948.8701171875
2023,750,196.380508422852
2023,812,10.9868316650391
2023,859,46.3935966491699
2023,867,1298.08508300781
2023,940,1948.02355957031
2023,983,826.760925292969
2023,1122,8145.9384765625
2023,1135,6.25057728029788e-4
2023,1141,1.46026015281677
2023,1144,534.996154785156
2023,1156,417.777954101563
2023,1172,527.393127441406
2023,1179,0.115585207939148
2023,1182,25.020715713501
2023,1223,13910.4970703125
2023,1303,3395.8525390625
2023,1440,11313.931640625
2023,1465,115822.5
2023,1473,6201.6083984375
2023,1603,734.679870605469
2023,1611,147.546859741211
2023,1616,13545.91015625
2023,1683,328.185119628906
2023,1691,23924.751953125
2023,1703,72697.421875
2023,2050,34.2735176086426
2023,2150,35.6793365478516
2023,2160,152.568313598633
2023,2170,18.5634136199951
2023,2180,6.21658706665039
2023,2270,18.4880332946777
2023,2300,1.31230747699738
2023,2330,3.53548407554626
2023,3020,17.538330078125
2023,3040,8.3044376373291
2023,4010,1.10832607746124
2023,4090,1.20101451873779
2023,4100,9.83705520629883
2023,4170,3.45103478431702
2023,4190,21.9905624389648
2023,4250,6.77666091918945
2023,4270,1.1503449678421
2023,5006,2945.7919921875
2023,5018,43742.15234375
2023,5027,3749.46264648438
2023,5035,812.292602539063
2023,5082,5220.009765625
2023,5206,2768.51586914063
2023,5218,33327.671875
2023,5227,3208.22583007813
2023,5235,747.578125
2023,5282,4401.69482421875
2023,5418,9070.9267578125
2023,5427,951.263549804688
2023,5435,315.708099365234
2023,5482,1411.80981445313
2023,5618,4642.24755859375
2023,5627,604.8076171875
2023,5635,170.131286621094
2023,5682,886.97216796875
2023,5806,2608.208984375
2023,5818,20186.904296875
2023,5827,1705.24560546875
2023,5835,293.634460449219
2023,5882,2079.46704101563
2024,26,148521.265625
2024,40,317588.90625
2024,50,0.00261383759789169
2024,82,293012.21875
2024,93,2535.87744140625
2024,163,44198.27734375
2024,172,228101.203125
2024,193,24195.78125
2024,201,182688.65625
2024,252,82609.7890625
2024,267,290693.6875
2024,322,268276.0625
2024,367,64052.140625
2024,375,65739.84375
2024,402,71629
2024,463,37488.6015625
2024,473,20589.66796875
2024,613,3869.15258789063
2024,622,208190.65625
2024,633,7796.705078125
2024,643,95678.140625
2024,675,25129.279296875
2024,696,5109.96484375
2024,750,206.582397460938
2024,812,11.2818756103516
2024,859,48.0801887512207
2024,867,1352.66247558594
2024,940,1791.9423828125
2024,983,818.425109863281
2024,1122,7366.35546875
2024,1135,5.55688166059554e-4
2024,1141,1.5697625875473
2024,1144,486.020294189453
2024,1156,460.399047851563
2024,1172,474.972869873047
2024,1179,0.12412142008543
2024,1182,22.5100708007813
2024,1223,13925.609375
2024,1303,3222.05712890625
2024,1440,14604.5234375
2024,1465,115241.2109375
2024,1473,6155.85546875
2024,1603,1022.50335693359
2024,1611,176.117645263672
2024,1616,13469.4228515625
2024,1683,398.451110839844
2024,1691,24257.7578125
2024,1703,105868.3984375
2024,2050,35.1960296630859
2024,2150,36.3285636901855
2024,2160,156.985961914063
2024,2170,18.5316982269287
2024,2180,6.2483024597168
2024,2270,19.0104961395264
2024,2300,1.32279217243195
2024,2330,3.63064527511597
2024,3020,16.9438018798828
2024,3040,8.02292728424072
2024,4010,1.04699766635895
2024,4090,1.19465398788452
2024,4100,9.29272937774658
2024,4170,3.43275880813599
2024,4190,20.7801246643066
2024,4250,6.40364837646484
2024,4270,1.14425301551819
2024,5006,2904.01708984375
2024,5018,43249.1015625
2024,5027,3722.67602539063
2024,5035,749.132019042969
2024,5082,6783.7412109375
2024,5206,2722.0986328125
2024,5218,32824.67578125
2024,5227,3175.60766601563
2024,5235,688.782592773438
2024,5282,5781.6845703125
2024,5418,8881.0966796875
2024,5427,935.904296875
2024,5435,296.819396972656
2024,5482,1831.2578125
2024,5618,4501.7548828125
2024,5627,589.771850585938
2024,5635,160.384201049805
2024,5682,1157.07153320313
2024,5806,2585.94677734375
2024,5818,20002.00390625
2024,5827,1697.28918457031
2024,5835,263.482330322266
2024,5882,2771.58129882813
2025,26,180434.265625
2025,40,301926.21875
2025,50,0.00248058931902051
2025,83,298050.1875
2025,94,11672.3564453125
2025,164,83094.28125
2025,173,237448.640625
2025,194,35149.50390625
2025,202,126501.1484375
2025,253,74756.3828125
2025,268,271902.625
2025,323,194672.5625
2025,368,44518.05859375
2025,377,111142.8046875
2025,403,131740.9375
2025,464,26905.63671875
2025,474,10101.6455078125
2025,614,8696.2705078125
2025,623,217037.046875
2025,634,7218.97802734375
2025,644,138324.796875
2025,675,21420.740234375
2025,696,1858.45751953125
2025,697,2639.865234375
2025,750,75.4169540405273
2025,780,5738.7890625
2025,812,9.19274616241455
2025,859,17.5411357879639
2025,860,27.2780685424805
2025,867,501.158294677734
2025,868,691.633544921875
2025,940,441.253967285156
2025,941,4477.93017578125
2025,983,194.599273681641
2025,984,126.161094665527
2025,1122,1660.53503417969
2025,1123,2374.70654296875
2025,1135,1.09924061689526e-4
2025,1136,3.15435725497082e-4
2025,1141,0.783027529716492
2025,1144,111.787437438965
2025,1145,314.766143798828
2025,1156,172.328582763672
2025,1161,389.952545166016
2025,1172,146.408447265625
2025,1173,226.933456420898
2025,1179,0.0862962305545807
2025,1182,6.66611814498901
2025,1183,10.5366621017456
2025,1223,6102.9619140625
2025,1224,7452.5888671875
2025,1303,1314.35681152344
2025,1304,1648.99584960938
2025,1440,7155.2998046875
2025,1463,11114.416015625
2025,1465,50317.03125
2025,1466,64435.5
2025,1473,2690.16918945313
2025,1474,3554.59375
2025,1603,410.715545654297
2025,1604,1752.88269042969
2025,1611,74.1774444580078
2025,1616,4977.31005859375
2025,1617,7705.486328125
2025,1683,206.408462524414
2025,1691,10744.0166015625
2025,1692,14130.26953125
2025,1704,189291.15625
2025,2050,36.118537902832
2025,2150,37.5588073730469
2025,2160,160.822601318359
2025,2170,18.5836925506592
2025,2180,6.19630765914917
2025,2270,19.488452911377
2025,2300,1.37778258323669
2025,2330,3.72580647468567
2025,3020,16.2458057403564
2025,3040,7.69242429733276
2025,4010,1.02063155174255
2025,4080,1.51782274246216
2025,4090,0.470244556665421
2025,4091,0.793763101100922
2025,4100,2.32882928848267
2025,4101,5.2120623588562
2025,4110,0.0269321724772453
2025,4160,2.46242416324094e-4
2025,4170,1.41021978855133
2025,4171,2.29896306991577
2025,4180,4.43245138740167e-4
2025,4190,7.36729192733765
2025,4191,12.9001474380493
2025,4240,7.88576086051762e-4
2025,4250,2.45074486732483
2025,4251,3.79426169395447
2025,4260,3.13520285999402e-4
2025,4270,0.496145814657211
2025,4271,0.740017116069794
2025,5006,1279.89453125
2025,5007,1586.8564453125
2025,5018,19096.025390625
2025,5019,22708.42578125
2025,5027,1650.20263671875
2025,5028,2779.24658203125
2025,5035,300.152252197266
2025,5036,497.514709472656
2025,5082,3355.416015625
2025,5083,5143.302734375
2025,5206,1173.20666503906
2025,5207,1485.85925292969
2025,5218,14165.173828125
2025,5219,17434.423828125
2025,5227,1376.45166015625
2025,5228,2408.42651367188
2025,5235,271.940185546875
2025,5236,450.061218261719
2025,5282,2792.64038085938
2025,5283,4412.71875
2025,5418,3807.958984375
2025,5419,4674.587890625
2025,5427,402.72119140625
2025,5428,671.57470703125
2025,5435,118.930725097656
2025,5436,191.727294921875
2025,5482,904.765991210938
2025,5483,1378.46166992188
2025,5618,1863.18078613281
2025,5619,2390.57934570313
2025,5627,244.628814697266
2025,5628,416.455718994141
2025,5635,63.05615234375
2025,5636,104.606857299805
2025,5682,563.824584960938
2025,5683,872.988647460938
2025,5806,1138.513671875
2025,5807,1373.62072753906
2025,5818,8803.2685546875
2025,5819,10630.5537109375
2025,5827,750.352111816406
2025,5828,1326.76977539063
2025,5835,102.095413208008
2025,5836,174.952117919922
2025,5882,1341.06469726563
2025,5883,2149.4697265625
2026,26,210871.640625
2026,40,294095.65625
2026,50,0.00241203210316598
2026,83,267121.9375
2026,94,9785.49609375
2026,164,73892.0078125
2026,173,196193.5625
2026,194,31913.3828125
2026,202,106076.65625
2026,253,61760.296875
2026,268,241636.96875
2026,323,151952.953125
2026,368,37091.31640625
2026,377,154868.859375
2026,403,103474.40625
2026,464,21390.548828125
2026,474,8208.51953125
2026,614,7472.4853515625
2026,623,193096.96875
2026,634,11090.1513671875
2026,644,172213.90625
2026,675,19192.20703125
2026,697,4165.9287109375
2026,780,9167.466796875
2026,812,8.10999584197998
2026,860,43.2030372619629
2026,868,1101.33251953125
2026,941,5471.20068359375
2026,984,274.488098144531
2026,1123,2882.20434570313
2026,1136,3.77284828573465e-4
2026,1141,0.531536936759949
2026,1145,383.741790771484
2026,1161,584.666076660156
2026,1173,342.942352294922
2026,1179,0.0732991546392441
2026,1183,15.9336452484131
2026,1224,13575.615234375
2026,1304,2732.81982421875
2026,1463,21723.12890625
2026,1466,116870.359375
2026,1474,6445.74609375
2026,1604,3282.72338867188
2026,1611,132.008483886719
2026,1617,12038.5234375
2026,1683,423.5556640625
2026,1692,25552.5546875
2026,1704,263426.1875
2026,2050,37.0410461425781
2026,2150,38.5273628234863
2026,2160,164.920928955078
2026,2170,18.5978851318359
2026,2180,6.18211507797241
2026,2270,19.9865112304688
2026,2300,1.41267061233521
2026,2330,3.82096767425537
2026,3020,15.5322933197021
2026,3040,7.35457515716553
2026,4010,1.04336822032928
2026,4080,4.10999393463135
2026,4091,1.37911951541901
2026,4101,5.15052223205566
2026,4110,0.105727829039097
2026,4160,0.00106988660991192
2026,4171,4.26554107666016
2026,4180,0.00183775089681149
2026,4191,20.7625579833984
2026,4240,0.00293014338240027
2026,4251,6.39587211608887
2026,4260,0.0012740473030135
2026,4271,1.42092943191528
2026,5007,2897.548828125
2026,5019,41556.05078125
2026,5028,5102.86181640625
2026,5036,810.722534179688
2026,5083,10114.69921875
2026,5207,2668.83764648438
2026,5219,31359.009765625
2026,5228,4348.81884765625
2026,5236,724.842407226563
2026,5283,8510.6142578125
2026,5419,8324.85546875
2026,5428,1199.779296875
2026,5436,313.444305419922
2026,5483,2746.4453125
2026,5619,4128.1640625
2026,5628,720.906799316406
2026,5636,168.724761962891
2026,5683,1734.27392578125
2026,5807,2514.90893554688
2026,5819,19454.734375
2026,5828,2437.8974609375
2026,5836,276.430755615234
2026,5883,4098.8486328125
2027,26,240179.359375
2027,40,295223.03125
2027,50,0.00241677719168365
2027,83,255828.828125
2027,94,8586.3330078125
2027,164,70218.78125
2027,173,174114.0625
2027,194,32055.44921875
2027,202,94666.1015625
2027,253,54932.4921875
2027,268,229325.375
2027,323,120907.8359375
2027,368,32862.5234375
2027,377,227043.921875
2027,403,82498.1171875
2027,464,18753.87109375
2027,474,7245.943359375
2027,614,7041.935546875
2027,623,170791.1875
2027,634,11117.1669921875
2027,644,223220.578125
2027,675,19939.060546875
2027,697,4285.3291015625
2027,780,9290.74609375
2027,812,8.28773784637451
2027,860,44.6130142211914
2027,868,1143.83666992188
2027,941,4995.54833984375
2027,984,451.496643066406
2027,1123,2736.73388671875
2027,1136,3.5601103445515e-4
2027,1141,0.504898965358734
2027,1145,365.700653076172
2027,1161,556.665832519531
2027,1173,375.239624023438
2027,1179,0.081327773630619
2027,1183,17.5761947631836
2027,1224,14412.07421875
2027,1304,2509.861328125
2027,1463,22545.96484375
2027,1466,123243.65625
2027,1474,6775.0751953125
2027,1604,3999.55737304688
2027,1611,152.900344848633
2027,1617,12080.314453125
2027,1683,497.132141113281
2027,1692,26789.3046875
2027,1704,352568.875
2027,2050,37.963550567627
2027,2150,41.0014801025391
2027,2160,167.513702392578
2027,2170,18.8068008422852
2027,2180,5.97319984436035
2027,2270,20.3669872283936
2027,2300,1.56514239311218
2027,2330,3.91612887382507
2027,3020,14.8864250183105
2027,3040,7.04875469207764
2027,4010,1.12177407741547
2027,4080,6.36965560913086
2027,4091,1.46728384494781
2027,4101,3.58676052093506
2027,4110,0.230103746056557
2027,4160,0.00277293520048261
2027,4171,4.87455797195435
2027,4180,0.00489607686176896
2027,4191,22.3472309112549
2027,4240,0.00675922026857734
2027,4251,6.88132190704346
2027,4260,0.00300248269923031
2027,4271,1.62277436256409
2027,5007,3039.64599609375
2027,5019,43752.94921875
2027,5028,5399.59716796875
2027,5036,729.644409179688
2027,5083,10610.96875
2027,5207,2812.734375
2027,5219,33114.03125
2027,5228,4620.0458984375
2027,5236,656.470703125
2027,5283,8810.5703125
2027,5419,8671.203125
2027,5428,1258.41577148438
2027,5436,288.400604248047
2027,5483,3001.31372070313
2027,5619,4257.8544921875
2027,5628,750.788452148438
2027,5636,155.793487548828
2027,5683,1928.23132324219
2027,5807,2669.62646484375
2027,5819,20634.673828125
2027,5828,2598.06713867188
2027,5836,244.311187744141
2027,5883,4088.0517578125
2028,26,268244.96875
2028,40,300571.78125
2028,50,0.00245599215850234
2028,83,246054.28125
2028,94,7237.177734375
2028,164,63510.828125
2028,173,158032.375
2028,194,29935.29296875
2028,202,85652.8359375
2028,253,49988.8984375
2028,268,219836.15625
2028,323,97702.3671875
2028,368,29563.205078125
2028,377,232983.125
2028,403,64640.828125
2028,464,16488.7890625
2028,474,6230.2626953125
2028,614,6472.6630859375
2028,623,153035.96875
2028,634,10353.970703125
2028,644,239697.34375
2028,675,19954.474609375
2028,697,4246.32470703125
2028,780,9419.1640625
2028,812,8.15847301483154
2028,860,44.3777732849121
2028,868,1144.36950683594
2028,941,4623.0458984375
2028,984,538.44775390625
2028,1123,2474.15307617188
2028,1136,3.15868324832991e-4
2028,1141,0.452673643827438
2028,1145,332.305603027344
2028,1161,556.541870117188
2028,1173,361.175109863281
2028,1179,0.0778089612722397
2028,1183,16.8849201202393
2028,1224,14726.310546875
2028,1304,2135.3837890625
2028,1463,22073.296875
2028,1466,125124.4921875
2028,1474,6858.80078125
2028,1604,4757.64892578125
2028,1611,157.423385620117
2028,1617,11454.818359375
2028,1683,533.245300292969
2028,1692,26983.6796875
2028,1704,377297.03125
2028,2050,38.886058807373
2028,2150,41.458812713623
2028,2160,172.123245239258
2028,2170,18.7535457611084
2028,2180,6.02645540237427
2028,2270,20.9058246612549
2028,2300,1.55925011634827
2028,2330,4.01129007339478
2028,3020,14.3702335357666
2028,3040,6.80433702468872
2028,4010,1.15071380138397
2028,4080,7.64742183685303
2028,4091,1.53680241107941
2028,4101,2.56585121154785
2028,4110,0.370131880044937
2028,4160,0.00454826466739178
2028,4171,5.4749002456665
2028,4180,0.00750949699431658
2028,4191,22.9962558746338
2028,4240,0.0100333765149117
2028,4251,7.07885789871216
2028,4260,0.00482600787654519
2028,4271,1.82165718078613
2028,5007,3085.4755859375
2028,5019,44564.6796875
2028,5028,5526.01171875
2028,5036,609.801818847656
2028,5083,10283.501953125
2028,5207,2866.3134765625
2028,5219,33808.0859375
2028,5228,4744.0244140625
2028,5236,548.920227050781
2028,5283,8468.9677734375
2028,5419,8766.2490234375
2028,5428,1280.53869628906
2028,5436,245.175872802734
2028,5483,3039.03198242188
2028,5619,4265.8857421875
2028,5628,759.156005859375
2028,5636,133.222473144531
2028,5683,1994.31555175781
2028,5807,2733.99047851563
2028,5819,21116.53125
2028,5828,2671.13549804688
2028,5836,199.247283935547
2028,5883,3769.2197265625
2029,26,296496.875
2029,40,313216.25
2029,50,0.00255456333979964
2029,83,239713.171875
2029,94,4918.46533203125
2029,164,48112.62890625
2029,173,150714.109375
2029,194,23659.294921875
2029,202,80832.0546875
2029,253,47615.4375
2029,268,214624.875
2029,323,90241.703125
2029,368,27840.359375
2029,377,226180.34375
2029,403,57689.36328125
2029,464,15904.802734375
2029,474,5855.77490234375
2029,614,5042.466796875
2029,623,147900.03125
2029,634,8252.5439453125
2029,644,247942.875
2029,675,19997.53125
2029,697,4213.48095703125
2029,780,9703.806640625
2029,812,8.04232120513916
2029,860,44.2048492431641
2029,868,1146.48449707031
2029,941,4422.94775390625
2029,984,539.186279296875
2029,1123,2256.83227539063
2029,1136,2.81369779258966e-4
2029,1141,0.408096760511398
2029,1145,304.852142333984
2029,1161,576.632080078125
2029,1173,336.375152587891
2029,1179,0.0714733675122261
2029,1183,15.6344709396362
2029,1224,14874.8095703125
2029,1304,2201.25952148438
2029,1463,26283.40234375
2029,1466,125539.9609375
2029,1474,6859.20068359375
2029,1604,5584.197265625
2029,1611,153.910888671875
2029,1617,11095.373046875
2029,1683,552.309143066406
2029,1692,27743.884765625
2029,1704,388745.25
2029,2050,39.8085708618164
2029,2150,41.0779418945313
2029,2160,177.571014404297
2029,2170,18.5974864959717
2029,2180,6.18251371383667
2029,2270,21.5082035064697
2029,2300,1.48981976509094
2029,2330,4.10645151138306
2029,3020,14.0158319473267
2029,3040,6.63652753829956
2029,4010,1.29864120483398
2029,4080,9.50279235839844
2029,4091,1.74641227722168
2029,4101,2.0234227180481
2029,4110,0.573420107364655
2029,4160,0.00687606120482087
2029,4171,6.65900754928589
2029,4180,0.0107826665043831
2029,4191,26.0438251495361
2029,4240,0.0139562180265784
2029,4251,8.01508903503418
2029,4260,0.00715378113090992
2029,4271,2.21480774879456
2029,5007,3074.74829101563
2029,5019,44565.375
2029,5028,5552.98291015625
2029,5036,625.368041992188
2029,5083,12065.4189453125
2029,5207,2854.90161132813
2029,5219,33736.859375
2029,5228,4761.369140625
2029,5236,561.399108886719
2029,5283,9950.119140625
2029,5419,8626.3671875
2029,5428,1267.88330078125
2029,5436,247.986785888672
2029,5483,3566.28833007813
2029,5619,4140.73779296875
2029,5628,742.419128417969
2029,5636,133.691452026367
2029,5683,2338.28955078125
2029,5807,2755.751953125
2029,5819,21267.611328125
2029,5828,2703.00512695313
2029,5836,206.308868408203
2029,5883,4420.912109375
2030,26,419622.65625
2030,40,244102.15625
2030,50,0.0016370911616832
2030,60,0.00181087909732014
2030,84,176832.921875
2030,95,5069.7255859375
2030,165,36092.51953125
2030,174,108269.359375
2030,195,28499.56640625
2030,203,50094.1171875
2030,254,48216.90234375
2030,269,215950.015625
2030,324,54077.6640625
2030,369,21761.130859375
2030,380,366789.125
2030,404,41116.34765625
2030,465,9689.5390625
2030,475,2517.5869140625
2030,615,4299.00390625
2030,624,93210.34375
2030,635,10493.50390625
2030,645,310889.1875
2030,675,20293.01953125
2030,697,1824.90698242188
2030,698,2595.9931640625
2030,780,10224.189453125
2030,812,7.78598928451538
2030,860,19.2290687561035
2030,861,29.9350852966309
2030,868,506.168670654297
2030,869,699.173400878906
2030,941,1074.47131347656
2030,984,119.132675170898
2030,985,168.234924316406
2030,1010,4630.34423828125
2030,1123,475.396118164063
2030,1124,682.944946289063
2030,1137,1.5531170356553e-4
2030,1141,0.181019276380539
2030,1145,65.3983383178711
2030,1146,92.4228057861328
2030,1161,216.370239257813
2030,1162,485.355285644531
2030,1173,91.2105178833008
2030,1174,142.779861450195
2030,1179,0.0400185510516167
2030,1183,4.03404331207275
2030,1184,6.44427013397217
2030,1224,6093.703125
2030,1225,7395.07421875
2030,1304,936.891723632813
2030,1305,1159.228515625
2030,1463,12470.546875
2030,1466,51196.43359375
2030,1467,64993.234375
2030,1474,2796.60913085938
2030,1475,3659.71826171875
2030,1599,25358.435546875
2030,1604,3611.68041992188
2030,1611,72.005241394043
2030,1614,204.214279174805
2030,1617,5151.8876953125
2030,1618,7822.5458984375
2030,1683,239.640106201172
2030,1686,478.206146240234
2030,1692,12015.4287109375
2030,1693,15611.419921875
2030,1705,507688.46875
2030,2050,40.7310791015625
2030,2150,40.5029106140137
2030,2160,183.212921142578
2030,2170,18.4173431396484
2030,2180,6.36265802383423
2030,2270,22.121021270752
2030,2300,1.40995001792908
2030,2330,4.20161294937134
2030,3020,13.8264617919922
2030,3040,6.5468602180481
2030,4010,1.16393208503723
2030,4080,9.01992321014404
2030,4091,1.6237096786499
2030,4101,1.31066942214966
2030,4110,0.657271921634674
2030,4160,0.0075535187497735
2030,4171,6.5466947555542
2030,4180,0.0112022617831826
2030,4191,23.6138229370117
2030,4240,0.0139210699126124
2030,4251,7.26641941070557
2030,4260,0.00765784829854965
2030,4271,2.17709159851074
2030,5007,1322.88708496094
2030,5008,1627.86950683594
2030,5019,19225.154296875
2030,5020,22722.400390625
2030,5028,2404.89794921875
2030,5029,2775.32421875
2030,5036,278.132263183594
2030,5037,482.387664794922
2030,5083,6006.607421875
2030,5084,9151.1572265625
2030,5207,1203.20422363281
2030,5208,1510.74169921875
2030,5219,14240.8896484375
2030,5220,17395.787109375
2030,5228,2018.86352539063
2030,5229,2387.37158203125
2030,5236,245.109039306641
2030,5237,425.072937011719
2030,5283,4869.115234375
2030,5284,7657.39208984375
2030,5419,3581.49853515625
2030,5420,4367.25146484375
2030,5428,528.248352050781
2030,5429,622.858764648438
2030,5436,106.602569580078
2030,5437,179.102188110352
2030,5483,1733.39782714844
2030,5484,2613.06298828125
2030,5619,1654.1884765625
2030,5620,2105.37963867188
2030,5628,297.081726074219
2030,5629,361.7666015625
2030,5636,55.842643737793
2030,5637,96.1584854125977
2030,5683,1106.65197753906
2030,5684,1690.67529296875
2030,5807,1194.4345703125
2030,5808,1429.61193847656
2030,5819,9212.6298828125
2030,5820,11038.3037109375
2030,5828,1176.12719726563
2030,5829,1372.43579101563
2030,5836,92.0050048828125
2030,5837,166.332366943359
2030,5883,2193.6689453125
2030,5884,3531.78125
2031,26,524424.875
2031,40,96930.796875
2031,60,0.00743494974449277
2031,84,166735.625
2031,95,6087.4384765625
2031,165,28742.75
2031,174,89402.6640625
2031,195,26521.716796875
2031,203,41350.43359375
2031,254,56862.3359375
2031,269,200460.078125
2031,324,38409.4609375
2031,369,25100.69140625
2031,380,463427.3125
2031,404,30298.947265625
2031,465,7464.51513671875
2031,475,2048.96728515625
2031,615,3406.3125
2031,624,71784.3046875
2031,635,9903.3408203125
2031,645,357620.21875
2031,675,9958.0087890625
2031,698,2242.98388671875
2031,780,5068.19921875
2031,812,3.75609564781189
2031,861,25.9651794433594
2031,869,609.977600097656
2031,985,106.695510864258
2031,1010,2962.73950195313
2031,1124,428.840148925781
2031,1141,0.06338270008564
2031,1146,58.3369979858398
2031,1162,356.382080078125
2031,1174,102.350784301758
2031,1179,0.0160465724766254
2031,1184,4.61429691314697
2031,1225,12326.7607421875
2031,1305,1960.72570800781
2031,1467,107784.7265625
2031,1475,6061.77197265625
2031,1599,47079.359375
2031,1604,5408.724609375
2031,1614,289.249877929688
2031,1618,11083.283203125
2031,1686,839.1005859375
2031,1693,27369.306640625
2031,1705,589403.4375
2031,2050,40.8391799926758
2031,2150,40.2435340881348
2031,2160,184.066070556641
2031,2170,18.383768081665
2031,2180,6.39623308181763
2031,2270,22.2072162628174
2031,2300,1.38620686531067
2031,2330,4.21276426315308
2031,3020,13.7850131988525
2031,3040,6.52723407745361
2031,4010,1.03202569484711
2031,4080,8.02413749694824
2031,4091,1.45382118225098
2031,4101,1.13570857048035
2031,4110,0.597734987735748
2031,4160,0.00647227978333831
2031,4171,5.88853740692139
2031,4180,0.00941578764468431
2031,4191,21.0603160858154
2031,4240,0.0119339162483811
2031,4251,6.48096132278442
2031,4260,0.00666657695546746
2031,4271,1.95833659172058
2031,5008,2815.69189453125
2031,5020,39413.03515625
2031,5029,4833.3388671875
2031,5037,845.384338378906
2031,5084,17772.046875
2031,5208,2573.94287109375
2031,5220,29685.9765625
2031,5229,4093.16186523438
2031,5237,735.325927734375
2031,5284,14615.34375
2031,5420,7331.18359375
2031,5429,1050.00732421875
2031,5437,305.469116210938
2031,5484,4979.33642578125
2031,5620,3428.21826171875
2031,5629,591.283325195313
2031,5637,159.953216552734
2031,5684,3152.86474609375
2031,5808,2495.06518554688
2031,5820,19252.673828125
2031,5829,2404.16259765625
2031,5837,293.06005859375
2031,5884,6811.3603515625
2032,26,603474.5625
2032,40,35446.796875
2032,60,0.0154944630339742
2032,84,139973.84375
2032,95,6276.1005859375
2032,165,25575.34765625
2032,174,68906.296875
2032,195,18739.70703125
2032,203,31956.265625
2032,254,44470.0546875
2032,269,164807.625
2032,324,23612.109375
2032,369,27321.5546875
2032,380,525385.8125
2032,404,14534.4609375
2032,465,4735.2734375
2032,475,1027.98461914063
2032,615,3042.75048828125
2032,624,50638.875
2032,635,7146.841796875
2032,645,380501.5
2032,675,9926.2919921875
2032,698,2214.158203125
2032,780,5104.27294921875
2032,812,3.68009281158447
2032,861,25.7325916290283
2032,869,608.070739746094
2032,985,104.19034576416
2032,1010,2919.3564453125
2032,1124,414.580902099609
2032,1141,0.0607370734214783
2032,1146,56.6939506530762
2032,1162,354.321838378906
2032,1174,99.3084259033203
2032,1179,0.0154818184673786
2032,1184,4.47198295593262
2032,1225,11606.8046875
2032,1305,1834.58337402344
2032,1467,100805.5546875
2032,1475,5649.02392578125
2032,1599,49574.32421875
2032,1604,5634.65869140625
2032,1614,269.305847167969
2032,1618,10327.244140625
2032,1686,810.609130859375
2032,1693,26473.1953125
2032,1705,624171.5
2032,2050,40.9472846984863
2032,2150,39.9792671203613
2032,2160,184.924102783203
2032,2170,18.3494968414307
2032,2180,6.43050479888916
2032,2270,22.2934417724609
2032,2300,1.36243796348572
2032,2330,4.22391605377197
2032,3020,13.8648290634155
2032,3040,6.56502723693848
2032,4010,0.989850103855133
2032,4080,7.72142744064331
2032,4091,1.43159031867981
2032,4101,1.06408393383026
2032,4110,0.59796929359436
2032,4160,0.00609777681529522
2032,4171,5.82570648193359
2032,4180,0.00855213962495327
2032,4191,20.3038368225098
2032,4240,0.0110552059486508
2032,4251,6.24845504760742
2032,4260,0.00638157594949007
2032,4271,1.93755316734314
2032,5008,2627.60107421875
2032,5020,36911.234375
2032,5029,4548.97314453125
2032,5037,790.74609375
2032,5084,18648.12109375
2032,5208,2403.45678710938
2032,5220,27770.857421875
2032,5229,3851.52270507813
2032,5237,687.092651367188
2032,5284,15296.09765625
2032,5420,6739.96533203125
2032,5429,971.658020019531
2032,5437,281.501770019531
2032,5484,5224.9326171875
2032,5620,3105.35693359375
2032,5629,540.057495117188
2032,5637,145.701751708984
2032,5684,3300.86694335938
2032,5808,2360.42578125
2032,5820,18198.58984375
2032,5829,2283.07373046875
2032,5837,277.579315185547
2032,5884,7112.1435546875
2033,26,667032.625
2033,40,12453.13671875
2033,60,0.0239032153040171
2033,84,119346.34375
2033,95,6206.35986328125
2033,165,17222.3671875
2033,174,57365.765625
2033,195,15744.66015625
2033,203,27552.75390625
2033,254,37518.4296875
2033,269,137267.1875
2033,324,15688.990234375
2033,369,23074.353515625
2033,380,575384.5
2033,404,6374.29345703125
2033,465,3239.81811523438
2033,475,468.28955078125
2033,615,2071.26977539063
2033,624,35756.1484375
2033,635,6032.552734375
2033,645,394863.125
2033,675,10534.0439453125
2033,698,2326.662109375
2033,780,5473.60986328125
2033,812,3.83780097961426
2033,861,27.1480484008789
2033,869,645.338928222656
2033,985,108.350067138672
2033,1010,3063.82592773438
2033,1124,426.770751953125
2033,1141,0.0619674138724804
2033,1146,58.6712455749512
2033,1162,375.176788330078
2033,1174,102.584182739258
2033,1179,0.0159012489020824
2033,1184,4.61409616470337
2033,1225,11424.4677734375
2033,1305,1787.77734375
2033,1467,98527.2265625
2033,1475,5500.1435546875
2033,1599,54167.765625
2033,1604,6109.8818359375
2033,1614,261.283752441406
2033,1618,10045.5703125
2033,1686,817.782043457031
2033,1693,26777.884765625
2033,1705,649654.25
2033,2050,41.0553894042969
2033,2150,39.7101440429688
2033,2160,185.787002563477
2033,2170,18.3145179748535
2033,2180,6.46548318862915
2033,2270,22.379674911499
2033,2300,1.33865630626678
2033,2330,4.23506736755371
2033,3020,14.0381326675415
2033,3040,6.64708662033081
2033,4010,0.874601781368256
2033,4080,6.84457445144653
2033,4091,1.29986500740051
2033,4101,0.918039441108704
2033,4110,0.551727771759033
2033,4160,0.00529612367972732
2033,4171,5.31513261795044
2033,4180,0.00717939157038927
2033,4191,18.0981540679932
2033,4240,0.00946569442749023
2033,4251,5.5699143409729
2033,4260,0.0056318468414247
2033,4271,1.76784455776215
2033,5008,2563.318359375
2033,5020,36142.49609375
2033,5029,4477.263671875
2033,5037,770.799438476563
2033,5084,20298.939453125
2033,5208,2347.18115234375
2033,5220,27172.291015625
2033,5229,3791.501953125
2033,5237,669.049499511719
2033,5284,16600.619140625
2033,5420,6466.59716796875
2033,5429,938.783813476563
2033,5437,269.735717773438
2033,5484,5694.0283203125
2033,5620,2930.58374023438
2033,5629,514.298889160156
2033,5637,137.742034912109
2033,5684,3590.4228515625
2033,5808,2337.4912109375
2033,5820,18006.001953125
2033,5829,2269.61450195313
2033,5837,274.493072509766
2033,5884,7689.7705078125
2034,26,706934.4375
2034,40,4195.64404296875
2034,60,0.0301097854971886
2034,84,98636.8359375
2034,174,50399.6953125
2034,203,26084.013671875
2034,254,32950.52734375
2034,269,111204.84375
2034,324,19197.94140625
2034,369,22161.22265625
2034,380,588842.5625
2034,404,11844.83203125
2034,465,3840.31396484375
2034,475,816.539367675781
2034,624,35188.5625
2034,645,391456.375
2034,675,11356.9501953125
2034,698,2483.51049804688
2034,780,5964.05322265625
2034,812,4.06512928009033
2034,861,29.09521484375
2034,869,695.79443359375
2034,985,114.504257202148
2034,1010,3268.1015625
2034,1124,446.397186279297
2034,1141,0.064234621822834
2034,1146,61.6995277404785
2034,1162,403.703857421875
2034,1174,107.647766113281
2034,1179,0.0165898092091084
2034,1184,4.83609962463379
2034,1225,10604.125
2034,1305,1552.92651367188
2034,1467,8149.6796875
2034,1475,5007.4345703125
2034,1599,146038.875
2034,1604,14473.87890625
2034,1614,891.251953125
2034,1618,1046.3974609375
2034,1686,13978.0546875
2034,1693,13608.8642578125
2034,1705,640467.875
2034,2050,41.1634979248047
2034,2150,39.4362831115723
2034,2160,186.654632568359
2034,2170,18.2788162231445
2034,2180,6.50118398666382
2034,2270,22.4659156799316
2034,2300,1.3148717880249
2034,2330,4.24621868133545
2034,3020,14.2800741195679
2034,3040,6.76164627075195
2034,4010,0.851283490657806
2034,4080,6.68351316452026
2034,4091,1.21332716941833
2034,4101,0.872136354446411
2034,4110,0.523449599742889
2034,4160,0.00472769467160106
2034,4171,4.98578357696533
2034,4180,0.00663380790501833
2034,4191,17.7623462677002
2034,4240,0.00892085209488869
2034,4251,5.46680784225464
2034,4260,0.00510855996981263
2034,4271,1.65839540958405
2034,5008,2270.22265625
2034,5020,2900.53881835938
2034,5029,4022.134765625
2034,5037,652.932861328125
2034,5084,54386.609375
2034,5208,1923.17468261719
2034,5220,2009.47961425781
2034,5229,3136.7431640625
2034,5237,530.603881835938
2034,5284,42964.60546875
2034,5420,468.334228515625
2034,5429,754.685485839844
2034,5437,220.161514282227
2034,5484,11921.7236328125
2034,5620,195.648620605469
2034,5629,375.870910644531
2034,5637,107.000648498535
2034,5684,6492.2529296875
2034,5808,2174.03881835938
2034,5820,1505.18200683594
2034,5829,2119.76782226563
2034,5837,242.855529785156
2034,5884,24525.833984375
2035,26,735952.625
2035,40,2457.59497070313
2035,60,0.0329452827572823
2035,381,855627.9375
2035,646,464164.8125
2035,675,4120.35498046875
2035,698,384.678833007813
2035,699,548.075439453125
2035,780,964.14453125
2035,781,16393.3515625
2035,812,1.40393710136414
2035,861,4.53197574615479
2035,862,7.06436491012573
2035,869,109.942031860352
2035,871,152.00520324707
2035,985,41.6549797058105
2035,986,57.4602088928223
2035,1010,1283.49133300781
2035,1030,2420.85083007813
2035,1124,154.953186035156
2035,1125,223.62239074707
2035,1141,0.0468723922967911
2035,1146,21.8068504333496
2035,1147,30.9352340698242
2035,1162,160.293426513672
2035,1169,311.131072998047
2035,1174,34.8425521850586
2035,1175,54.959358215332
2035,1179,0.0113024534657598
2035,1184,1.51265811920166
2035,1185,2.43603348731995
2035,1599,67722.8125
2035,1600,104510.046875
2035,1604,4913.6240234375
2035,1605,11413.7666015625
2035,1614,168.406707763672
2035,1686,27728.564453125
2035,1706,766341.375
2035,2050,41.271598815918
2035,2150,39.1575393676758
2035,2160,187.527145385742
2035,2170,18.2423877716064
2035,2180,6.5376124382019
2035,2270,22.5521488189697
2035,2300,1.29109370708466
2035,2330,4.25737047195435
2035,3020,14.569314956665
2035,3040,6.89860248565674
2035,4010,0.899572730064392
2035,4080,2.16962647438049
2035,4081,5.25586891174316
2035,4091,0.4276023209095
2035,4092,0.775990426540375
2035,4101,0.15124024450779
2035,4102,0.407510429620743
2035,4110,0.213575109839439
2035,4111,0.246925368905067
2035,4160,0.00138055032584816
2035,4161,0.00132190750446171
2035,4171,1.7821044921875
2035,4172,2.9968538284301798
2035,4180,0.00188502506352961
2035,4181,0.00410417886450887
2035,4191,6.72365570068359
2035,4192,12.1961908340454
2035,4240,0.00316323712468147
2035,4241,0.00548434071242809
2035,4251,2.24857306480408
2035,4252,3.57500600814819
2035,4260,0.00173362693749368
2035,4261,0.00235959514975548
2035,4271,0.629473328590393
2035,4272,0.96032053232193
2035,5084,25640.83203125
2035,5085,38921.4140625
2035,5284,19855.537109375
2035,5285,30968.693359375
2035,5484,5387.52099609375
2035,5485,8046.0068359375
2035,5684,2876.72314453125
2035,5685,4330.86865234375
2035,5884,11884.0048828125
2035,5885,18840.625
2036,26,765944.125
2036,40,2546.69165039063
2036,60,0.0340604148805141
2036,381,781101.5
2036,646,423735.40625
2036,675,3048.6640625
2036,699,713.992858886719
2036,781,21812.8203125
2036,812,1.01996517181396
2036,862,9.24042415618896
2036,871,200.036315917969
2036,986,98.9838104248047
2036,1030,4210.78125
2036,1125,381.135406494141
2036,1138,1.45973230246454e-4
2036,1141,0.044477853924036
2036,1147,53.0190620422363
2036,1169,539.770874023438
2036,1175,92.8807601928711
2036,1179,0.0106676835566759
2036,1185,4.11169290542603
2036,1600,173993.796875
2036,1605,16428.462890625
2036,1614,235.987731933594
2036,1686,28012.06640625
2036,1706,699591.875
2036,2050,41.3797035217285
2036,2150,38.8741035461426
2036,2160,188.404327392578
2036,2170,18.205207824707
2036,2180,6.57479381561279
2036,2270,22.6383628845215
2036,2300,1.26733100414276
2036,2330,4.26852178573608
2036,3020,14.8869400024414
2036,3040,7.04899883270264
2036,4010,1.00098466873169
2036,4081,8.54091262817383
2036,4092,1.00205719470978
2036,4102,0.343425124883652
2036,4111,0.604766488075256
2036,4161,0.00361563754267991
2036,4172,4.61348485946655
2036,4181,0.0125295929610729
2036,4192,21.2081832885742
2036,4241,0.0179021302610636
2036,4252,6.52151918411255
2036,4261,0.00678223697468638
2036,4272,1.53225147724152
2036,5085,65222.33984375
2036,5285,51343.8671875
2036,5485,13570.875
2036,5685,7281.283203125
2036,5885,31038.763671875
2037,26,785037.4375
2037,40,2598.73706054688
2037,60,0.034674845635891
2037,381,772562.25
2037,646,419103
2037,675,3379.2734375
2037,699,783.712097167969
2037,781,24461.828125
2037,812,1.10985589027405
2037,862,10.1845569610596
2037,871,221.83186340332
2037,986,108.355514526367
2037,1030,4654.9375
2037,1125,412.743804931641
2037,1138,1.55200439621694e-4
2037,1141,0.0476687625050545
2037,1147,57.7398567199707
2037,1169,601.385009765625
2037,1175,100.767684936523
2037,1179,0.0114899994805455
2037,1185,4.45513820648193
2037,1600,176444.796875
2037,1605,16666.22265625
2037,1614,232.979125976563
2037,1686,28406.666015625
2037,1706,691943.75
2037,2050,41.4878158569336
2037,2150,38.5859031677246
2037,2160,189.28630065918
2037,2170,18.1672630310059
2037,2180,6.61273860931396
2037,2270,22.7245559692383
2037,2300,1.24359238147736
2037,2330,4.27967357635498
2037,3020,15.215295791626
2037,3040,7.20447587966919
2037,4010,1.11625480651855
2037,4081,9.70112609863281
2037,4092,0.730232954025269
2037,4102,0.206302240490913
2037,4111,0.819467663764954
2037,4161,0.00606682151556015
2037,4172,4.44689464569092
2037,4181,0.0242116171866655
2037,4192,23.825023651123
2037,4241,0.0352019183337688
2037,4252,7.31423139572144
2037,4261,0.0115069048479199
2037,4272,1.47281360626221
2037,5085,66141.109375
2037,5285,52067.1328125
2037,5485,13762.044921875
2037,5685,7383.85302734375
2037,5885,31475.998046875
2038,26,802705.125
2038,40,2645.41259765625
2038,60,0.0352138467133045
2038,381,722628.6875
2038,646,392014.8125
2038,675,3660.291015625
2038,699,840.516784667969
2038,781,26811.294921875
2038,812,1.17985486984253
2038,862,10.9683446884155
2038,871,240.391525268555
2038,986,115.950752258301
2038,1030,5031.17138671875
2038,1125,436.883636474609
2038,1138,1.61253046826459e-4
2038,1141,0.0499293282628059
2038,1147,61.465274810791
2038,1169,654.920043945313
2038,1175,106.817398071289
2038,1179,0.012090876698494
2038,1185,4.71648693084717
2038,1600,179328.96875
2038,1605,16945.009765625
2038,1614,230.425994873047
2038,1686,28871.001953125
2038,1706,647220.8125
2038,2050,41.5959167480469
2038,2150,38.293041229248
2038,2160,190.172927856445
2038,2170,18.128547668457
2038,2180,6.65145349502563
2038,2270,22.8107070922852
2038,2300,1.21989595890045
2038,2330,4.29082536697388
2038,3020,15.5373401641846
2038,3040,7.35696458816528
2038,4010,1.20501732826233
2038,4081,10.5414953231812
2038,4092,0.588067710399628
2038,4102,0.153752669692039
2038,4111,0.946014761924744
2038,4161,0.00805140379816294
2038,4172,4.40003156661987
2038,4181,0.0349444597959518
2038,4192,25.9458885192871
2038,4241,0.051716074347496
2038,4252,7.95459508895874
2038,4261,0.015448922291398
2038,4272,1.45391225814819
2038,5085,67222.2578125
2038,5285,52918.23046875
2038,5485,13987
2038,5685,7504.5498046875
2038,5885,31990.5078125
2039,26,833990.5625
2039,40,2736.1240234375
2039,60,0.0363340117037296
2039,381,757889
2039,646,411143
2039,675,4085.2890625
2039,699,928.751953125
2039,781,30285.65234375
2039,812,1.29213213920593
2039,862,12.1709680557251
2039,871,268.430450439453
2039,986,127.900428771973
2039,1030,5606.18359375
2039,1125,476.622192382813
2039,1138,1.72645930433646e-4
2039,1141,0.0538947135210037
2039,1147,67.4424438476563
2039,1169,735.0869140625
2039,1175,116.656044006348
2039,1179,0.0131069980561733
2039,1185,5.14411973953247
2039,1600,185308.8125
2039,1605,17516.544921875
2039,1614,231.616409301758
2039,1686,29833.7265625
2039,1706,678801.625
2039,2050,41.7040176391602
2039,2150,37.9955444335938
2039,2160,191.064193725586
2039,2170,18.0890331268311
2039,2180,6.69096803665161
2039,2270,22.8968086242676
2039,2300,1.19624471664429
2039,2330,4.30197668075562
2039,3020,15.8365650177002
2039,3040,7.49864816665649
2039,4010,1.30390095710754
2039,4081,11.4386072158813
2039,4092,0.519622147083282
2039,4102,0.134293466806412
2039,4111,1.0208055973053
2039,4161,0.00922965630888939
2039,4172,4.41708612442017
2039,4181,0.04300282523036
2039,4192,28.2975158691406
2039,4241,0.0648177340626717
2039,4252,8.66865921020508
2039,4261,0.0179332122206688
2039,4272,1.45750546455383
2039,5085,69463.828125
2039,5285,54682.8203125
2039,5485,14453.40625
2039,5685,7754.7939453125
2039,5885,33057.25
2040,26,857987.125
2040,40,2801.97875976563
2040,60,0.0371183604001999
2040,580,780956.125
2040,647,423656.5625
2040,675,4307.02685546875
2040,699,418.225280761719
2040,701,596.869873046875
2040,781,32931.3359375
2040,812,1.29397070407867
2040,862,5.51819467544556
2040,863,8.61212253570557
2040,871,123.390777587891
2040,872,170.773208618164
2040,986,49.9208755493164
2040,987,68.9927291870117
2040,1030,2325.26513671875
2040,1031,3768.1865234375
2040,1125,179.765533447266
2040,1126,260.236938476563
2040,1139,1.75702458363958e-4
2040,1141,0.0436949357390404
2040,1147,25.7950801849365
2040,1148,36.6862411499023
2040,1169,281.139007568359
2040,1175,35.5733032226563
2040,1176,56.5637588500977
2040,1179,0.00829593371599913
2040,1185,1.51493799686432
2040,1186,2.46052670478821
2040,1188,543.887573242188
2040,1600,73179.046875
2040,1601,112209.3125
2040,1605,17530.478515625
2040,1614,225.301132202148
2040,1686,29846.529296875
2040,1707,699461.75
2040,2050,41.8121223449707
2040,2150,37.6934585571289
2040,2160,191.960037231445
2040,2170,18.0487155914307
2040,2180,6.73128509521484
2040,2270,22.9828567504883
2040,2300,1.17265212535858
2040,2330,4.31312799453735
2040,3020,16.0974102020264
2040,3040,7.62215900421143
2040,4010,1.35861730575562
2040,4081,11.9311084747314
2040,4092,0.505988240242004
2040,4102,0.127431645989418
2040,4111,1.07383418083191
2040,4161,0.0095558064058423
2040,4172,4.52995920181274
2040,4181,0.0450591146945953
2040,4192,29.7238330841064
2040,4241,0.0692189633846283
2040,4252,9.10442733764648
2040,4261,0.0188232995569706
2040,4272,1.49434840679169
2040,5085,27682.78125
2040,5086,41810.859375
2040,5285,21447.376953125
2040,5286,33258.9140625
2040,5485,5818.1591796875
2040,5486,8641.4501953125
2040,5685,3108.30615234375
2040,5686,4649.81640625
2040,5885,12835.20703125
2040,5886,20236.232421875
2041,26,880948.625
2041,40,2863.62670898438
2041,60,0.037842120975256
2041,580,760317.75
2041,647,412460.5625
2041,675,4511.37890625
2041,701,1100.73620605469
2041,781,34926.4765625
2041,812,1.32907342910767
2041,863,15.9499530792236
2041,872,318.288330078125
2041,987,116.221664428711
2041,1031,6414.673828125
2041,1126,433.463165283203
2041,1139,2.87336966721341e-4
2041,1141,0.0404559150338173
2041,1148,61.4663391113281
2041,1176,88.5555877685547
2041,1179,0.00724056176841259
2041,1186,3.84680604934692
2041,1188,876.171081542969
2041,1601,188110.703125
2041,1605,17794.330078125
2041,1614,222.185180664063
2041,1686,30284.814453125
2041,1707,680977
2041,2050,41.9067726135254
2041,2150,37.3747940063477
2041,2160,192.798583984375
2041,2170,18.0075798034668
2041,2180,6.77242040634155
2041,2270,23.061429977417
2041,2300,1.14875948429108
2041,2330,4.32289218902588
2041,3020,16.3060512542725
2041,3040,7.72095060348511
2041,4010,1.37323141098022
2041,4081,12.0642938613892
2041,4092,0.504361867904663
2041,4102,0.123955063521862
2041,4111,1.09328901767731
2041,4161,0.00921926368027925
2041,4172,4.58152389526367
2041,4181,0.0432697646319866
2041,4192,30.2822456359863
2041,4241,0.067767396569252
2041,4252,9.27741050720215
2041,4261,0.0184223707765341
2041,4272,1.51182544231415
2041,5086,70514.125
2041,5286,55509.62890625
2041,5486,14671.9423828125
2041,5686,7872.046875
2041,5886,33557.078125
2042,26,902543.0625
2042,40,2920.02709960938
2042,60,0.0384918786585331
2042,580,762309.4375
2042,647,413541.03125
2042,675,4620.31103515625
2042,701,1116.31469726563
2042,781,36224.98828125
2042,812,1.3344384431839
2042,863,16.2454738616943
2042,872,326.271087646484
2042,987,117.714912414551
2042,1031,6566.72802734375
2042,1126,434.051208496094
2042,1139,2.82438384601846e-4
2042,1141,0.0400273054838181
2042,1148,61.9163856506348
2042,1176,88.5875244140625
2042,1179,0.00717781204730272
2042,1186,3.84276175498962
2042,1188,902.24658203125
2042,1601,188290.5625
2042,1605,17817.685546875
2042,1614,216.053939819336
2042,1686,30313.767578125
2042,1707,682760.8125
2042,2050,42.0014266967773
2042,2150,37.051929473877
2042,2160,193.641326904297
2042,2170,17.9656047821045
2042,2180,6.81439542770386
2042,2270,23.1399059295654
2042,2300,1.12496256828308
2042,2330,4.33265542984009
2042,3020,16.4512977600098
2042,3040,7.7897253036499
2042,4010,1.360018491745
2042,4081,11.9528932571411
2042,4092,0.513046741485596
2042,4102,0.118081912398338
2042,4111,1.13624382019043
2042,4161,0.00907659064978361
2042,4172,4.7300500869751
2042,4181,0.040696419775486
2042,4192,30.2260856628418
2042,4241,0.0649809762835503
2042,4252,9.2620964050293
2042,4261,0.0183995366096497
2042,4272,1.56130945682526
2042,5086,70581.5390625
2042,5286,55562.703125
2042,5486,14685.9697265625
2042,5686,7879.5732421875
2042,5886,33589.1640625
2043,26,926101
2043,40,2981.95751953125
2043,60,0.0392098538577557
2043,580,763614.375
2043,647,414248.90625
2043,675,4629.49072265625
2043,701,1107.49353027344
2043,781,36765.63671875
2043,812,1.31052029132843
2043,863,16.1874046325684
2043,872,327.221862792969
2043,987,116.68017578125
2043,1031,6579.84228515625
2043,1126,425.300048828125
2043,1139,2.71602300927043e-4
2043,1141,0.0387467667460442
2043,1148,61.0333633422852
2043,1176,86.6930541992188
2043,1179,0.00696019036695361
2043,1186,3.75518584251404
2043,1188,909.276733398438
2043,1601,190066.984375
2043,1605,17992.103515625
2043,1614,211.778060913086
2043,1686,30599.765625
2043,1707,683929.625
2043,2050,42.0960731506348
2043,2150,36.7248992919922
2043,2160,194.488204956055
2043,2170,17.9227828979492
2043,2180,6.85721731185913
2043,2270,23.2182788848877
2043,2300,1.10127103328705
2043,2330,4.34241914749146
2043,3020,16.5255737304688
2043,3040,7.82489538192749
2043,4010,1.3241715431213399
2043,4081,11.6422843933105
2043,4092,0.522283852100372
2043,4102,0.110528878867626
2043,4111,1.18214237689972
2043,4161,0.00894277077168226
2043,4172,4.88861179351807
2043,4181,0.0376124493777752
2043,4192,29.656530380249
2043,4241,0.0612286441028118
2043,4252,9.08938407897949
2043,4261,0.0183908827602863
2043,4272,1.61412739753723
2043,5086,71247.4453125
2043,5286,56086.90625
2043,5486,14824.5244140625
2043,5686,7953.9140625
2043,5886,33906.05859375
2044,26,956853.4375
2044,40,3066.08154296875
2044,60,0.0402139760553837
2044,580,771413.9375
2044,647,418480.0625
2044,675,4617.03076171875
2044,701,1093.47448730469
2044,781,37146.875
2044,812,1.2807092666626
2044,863,16.0531044006348
2044,872,326.646331787109
2044,987,115.138008117676
2044,1031,6564.64013671875
2044,1126,414.811187744141
2044,1139,2.59928696323186e-4
2044,1141,0.0373297147452831
2044,1148,59.8907012939453
2044,1176,84.4425201416016
2044,1179,0.00671688793227077
2044,1186,3.65237593650818
2044,1188,912.457458496094
2044,1601,191381.375
2044,1605,18122.791015625
2044,1614,206.976257324219
2044,1686,30811.373046875
2044,1707,690915.25
2044,2050,42.1907234191895
2044,2150,36.3937835693359
2044,2160,195.33918762207
2044,2170,17.879093170166
2044,2180,6.90090799331665
2044,2270,23.2965354919434
2044,2300,1.0776960849762
2044,2330,4.35218286514282
2044,3020,16.5257911682129
2044,3040,7.82499885559082
2044,4010,1.27853298187256
2044,4081,11.2452001571655
2044,4092,0.524251520633698
2044,4102,0.10254374146461499
2044,4111,1.21305203437805
2044,4161,0.00868747290223837
2044,4172,4.98333787918091
2044,4181,0.0344368554651737
2044,4192,28.8346824645996
2044,4241,0.057152945548296
2044,4252,8.83921909332275
2044,4261,0.0181251633912325
2044,4272,1.64588344097137
2044,5086,71740.1484375
2044,5286,56474.7734375
2044,5486,14927.041015625
2044,5686,8008.91796875
2044,5886,34140.53515625
2045,26,982587
2045,40,3133.099609375
2045,60,0.0409879945218563
2045,648,430831.6875
2045,675,4446.32080078125
2045,701,451.609954833984
2045,702,645.501403808594
2045,781,36765.3984375
2045,812,1.17924523353577
2045,855,794182.5
2045,863,6.6771125793457
2045,864,10.4310216903687
2045,872,137.434509277344
2045,873,190.377090454102
2045,987,40.6271514892578
2045,988,56.2606048583984
2045,1031,2477.6611328125
2045,1126,141.261901855469
2045,1127,205.168304443359
2045,1133,4007.92749023438
2045,1139,1.94490014109761e-4
2045,1141,0.0271476414054632
2045,1148,20.6977863311768
2045,1149,29.5156517028809
2045,1176,22.6515216827393
2045,1177,36.3224601745605
2045,1179,0.00368332047946751
2045,1186,0.945573329925537
2045,1187,1.54956591129303
2045,1188,314.052215576172
2045,1189,605.513305664063
2045,1601,75432.7109375
2045,1602,114960.4375
2045,1605,18035.353515625
2045,1614,199.765884399414
2045,1686,30652.2734375
2045,1708,711307.875
2045,2050,42.2853736877441
2045,2150,36.0585670471191
2045,2160,196.194259643555
2045,2170,17.8345165252686
2045,2180,6.94548368453979
2045,2270,23.3746643066406
2045,2300,1.05424499511719
2045,2330,4.36194658279419
2045,3020,16.4539051055908
2045,3040,7.79096031188965
2045,4010,1.20710289478302
2045,4081,5.46119546890259
2045,4082,5.16849660873413
2045,4092,0.243584513664246
2045,4093,0.453287035226822
2045,4102,0.0212896559387445
2045,4103,0.0627778619527817
2045,4111,0.703098237514496
2045,4112,0.356546819210052
2045,4161,0.0026815771125257
2045,4162,9.27105080336332e-4
2045,4172,1.88141214847565
2045,4173,3.16221237182617
2045,4181,0.00888843648135662
2045,4182,0.00571063673123717
2045,4192,9.74994277954102
2045,4193,17.6754398345947
2045,4241,0.0183941312134266
2045,4242,0.0108544770628214
2045,4252,3.25458121299744
2045,4253,5.17213439941406
2045,4261,0.0065981219522655
2045,4262,0.0037699097301811
2045,4272,0.662194132804871
2045,4273,1.00984907150269
2045,5086,33913.828125
2045,5087,37455.8828125
2045,5286,26482.22265625
2045,5287,29700.93359375
2045,5486,7017.990234375
2045,5487,7831.9736328125
2045,5686,3730.0830078125
2045,5687,4237.4794921875
2045,5886,16053.9248046875
2045,5887,17910.3203125
2046,26,1008750.5625
2046,40,3200.53125
2046,60,0.0417618826031685
2046,648,416908.5
2046,675,4291.16162109375
2046,702,1096.88171386719
2046,781,35964.01171875
2046,812,1.11449658870697
2046,855,768516.875
2046,864,17.803840637207
2046,873,327.093383789063
2046,988,87.3487701416016
2046,1127,314.760711669922
2046,1133,6293.8056640625
2046,1139,1.64419368957169e-4
2046,1141,0.0231098961085081
2046,1149,45.5634727478027
2046,1177,52.2325973510742
2046,1179,0.00294673722237349
2046,1187,2.22488713264465
2046,1189,898.229370117188
2046,1602,191226.453125
2046,1605,18120.36328125
2046,1614,194.566543579102
2046,1686,30786.431640625
2046,1708,688320.5625
2046,2050,42.3800277709961
2046,2150,35.7193946838379
2046,2160,197.053314208984
2046,2170,17.7890377044678
2046,2180,6.99096298217773
2046,2270,23.4526615142822
2046,2300,1.0309309959411601
2046,2330,4.3717098236084
2046,3020,16.3171195983887
2046,3040,7.72619199752808
2046,4010,1.14122462272644
2046,4082,10.066481590271
2046,4093,0.712112784385681
2046,4103,0.0625705495476723
2046,4112,1.06809258460999
2046,4162,0.00265723303891718
2046,4173,5.11264419555664
2046,4182,0.0147425970062613
2046,4193,26.0968017578125
2046,4242,0.0300050433725119
2046,4253,8.01658535003662
2046,4262,0.0113578382879496
2046,4273,1.6937427520752
2046,5087,71682.078125
2046,5287,56429.0546875
2046,5487,14914.958984375
2046,5687,8002.43505859375
2046,5887,34112.8984375
2047,26,1033399.375
2047,40,3262.208984375
2047,60,0.0424555130302906
2047,648,414987.96875
2047,675,4125.14599609375
2047,702,1044.20056152344
2047,781,35048.66015625
2047,812,1.04890286922455
2047,855,764976.75
2047,864,17.0249919891357
2047,873,314.882995605469
2047,988,83.1014709472656
2047,1127,295.864105224609
2047,1133,6057.32568359375
2047,1139,1.51366257341579e-4
2047,1141,0.0214247107505798
2047,1149,43.0975914001465
2047,1177,48.99072265625
2047,1179,0.00273319520056248
2047,1187,2.08354163169861
2047,1189,869.452514648438
2047,1602,192170
2047,1605,18215.779296875
2047,1614,189.51936340332
2047,1686,30938.337890625
2047,1708,685149.75
2047,2050,42.4746780395508
2047,2150,35.3763427734375
2047,2160,197.916229248047
2047,2170,17.742639541626
2047,2180,7.03736209869385
2047,2270,23.5305099487305
2047,2300,1.0077623128891
2047,2330,4.38147354125977
2047,3020,16.1275196075439
2047,3040,7.63641595840454
2047,4010,1.07736837863922
2047,4082,9.53137397766113
2047,4093,0.475223213434219
2047,4103,0.0309145655483007
2047,4112,1.33256483078003
2047,4162,0.00468502985313535
2047,4173,5.18987321853638
2047,4182,0.0239952318370342
2047,4193,24.7937355041504
2047,4242,0.0496941730380058
2047,4253,7.59819173812866
2047,4262,0.0201971847563982
2047,4273,1.71132242679596
2047,5087,72035.765625
2047,5287,56707.484375
2047,5487,14988.552734375
2047,5687,8041.92041015625
2047,5887,34281.21484375
2048,26,1059154.5
2048,40,3326.4140625
2048,60,0.0431768521666527
2048,648,412105.375
2048,675,3961.353515625
2048,702,992.87939453125
2048,781,34127.140625
2048,812,0.985868394374847
2048,855,759663
2048,864,16.2619209289551
2048,873,302.813171386719
2048,988,78.9937744140625
2048,1127,277.829193115234
2048,1133,5825.83544921875
2048,1139,1.39180890982971e-4
2048,1141,0.0198397524654865
2048,1149,40.7279052734375
2048,1177,45.896068572998
2048,1179,0.00253183301538229
2048,1187,1.94884049892426
2048,1189,840.981689453125
2048,1602,193390.75
2048,1605,18337.439453125
2048,1614,184.776458740234
2048,1686,31134.869140625
2048,1708,680390.625
2048,2050,42.5693244934082
2048,2150,35.0294494628906
2048,2160,198.782974243164
2048,2170,17.6953067779541
2048,2180,7.08469438552856
2048,2270,23.6082057952881
2048,2300,0.984747588634491
2048,2330,4.39123725891113
2048,3020,15.9012222290039
2048,3040,7.52926349639893
2048,4010,1.02777993679047
2048,4082,9.10218524932861
2048,4093,0.367868572473526
2048,4103,0.019975395873189
2048,4112,1.48683154582977
2048,4162,0.00643040705472231
2048,4173,5.32292747497559
2048,4182,0.0304095260798931
2048,4193,23.8052387237549
2048,4242,0.0641125813126564
2048,4253,7.28113317489624
2048,4262,0.0279833767563105
2048,4273,1.74846911430359
2048,5087,72493.375
2048,5287,57067.71875
2048,5487,15083.765625
2048,5687,8093.005859375
2048,5887,34498.984375
2049,26,1084538
2049,40,3388.47973632813
2049,60,0.0438650064170361
2049,648,408637.5625
2049,675,3821.4892578125
2049,702,948.294738769531
2049,781,33388.71484375
2049,812,0.930626809597015
2049,855,753270.625
2049,864,15.603217124939
2049,873,292.544342041016
2049,988,75.4477462768555
2049,1127,262.103668212891
2049,1133,5630.9404296875
2049,1139,1.28540137666278e-4
2049,1141,0.0184543337672949
2049,1149,38.6697883605957
2049,1177,43.1900939941406
2049,1179,0.00235554063692689
2049,1187,1.83099472522736
2049,1189,817.460571289063
2049,1602,194959.71875
2049,1605,18492.107421875
2049,1614,180.381103515625
2049,1686,31387.46875
2049,1708,674665.1875
2049,2050,42.6639747619629
2049,2150,34.6787796020508
2049,2160,199.653518676758
2049,2170,17.6470279693604
2049,2180,7.13297271728516
2049,2270,23.6857376098633
2049,2300,0.96189558506012
2049,2330,4.4010009765625
2049,3020,15.656982421875
2049,3040,7.41361522674561
2049,4010,1.00182509422302
2049,4082,8.87633037567139
2049,4093,0.324633300304413
2049,4103,0.0154664814472198
2049,4112,1.61120510101318
2049,4162,0.00764560466632247
2049,4173,5.55485677719116
2049,4182,0.0335169695317745
2049,4193,23.3483638763428
2049,4242,0.0719959437847137
2049,4253,7.13341569900513
2049,4262,0.0336396731436253
2049,4273,1.82052803039551
2049,5087,73081.5078125
2049,5287,57530.7109375
2049,5487,15206.140625
2049,5687,8158.6650390625
2049,5887,34778.875
2050,26,1109954
2050,40,3449.66088867188
2050,60,0.0445366129279137
2050,648,405348.75
2050,675,3723.58813476563
2050,702,914.694885253906
2050,781,33001.04296875
2050,812,0.887068092823029
2050,855,747208.125
2050,864,15.1205444335938
2050,873,285.467620849609
2050,988,72.7990036010742
2050,1127,249.766876220703
2050,1133,5499.31396484375
2050,1139,1.19884345622268e-4
2050,1141,0.017336206510663
2050,1149,37.0893020629883
2050,1177,41.0467300415039
2050,1179,0.00221297657117248
2050,1187,1.73730361461639
2050,1189,802.841064453125
2050,1602,196846.6875
2050,1605,18676.935546875
2050,1614,176.278396606445
2050,1686,31691.259765625
2050,1708,669235.3125
2050,2050,42.7586288452148
2050,2150,34.3244552612305
2050,2160,200.527725219727
2050,2170,17.597770690918
2050,2180,7.18222951889038
2050,2270,23.7630958557129
2050,2300,0.939218282699585
2050,2330,4.41076421737671
2050,3020,15.4145088195801
2050,3040,7.29880380630493
2050,4010,0.991642534732819
2050,4082,8.78768157958984
2050,4093,0.319323778152466
2050,4103,0.013738427311182
2050,4112,1.72169852256775
2050,4162,0.00811945181339979
2050,4173,5.85662174224854
2050,4182,0.0331580117344856
2050,4193,23.2499046325684
2050,4242,0.0726378783583641
2050,4253,7.10232162475586
2050,4262,0.0361891090869904
2050,4273,1.91872477531433
2050,5087,73788.84375
2050,5287,58087.53125
2050,5487,15353.31640625
2050,5687,8237.6298828125
2050,5887,35115.48828125
