Year,TripLenID,MSModeID,Value
2015,1,1,109.619804382324
2015,1,2,0.684037923812866
2015,1,3,0.344905465841293
2015,1,4,0.17281998693943
2015,1,5,0.106883145868778
2015,1,6,1.33692705631256
2015,1,7,0
2015,1,8,0
2015,1,9,0.00806686468422413
2015,1,10,0.0146636422723532
2015,1,11,0.00345062324777246
2015,1,12,1.31596232222364e-6
2015,2,1,105.927940368652
2015,2,2,3.32874035835266
2015,2,3,2.13217568397522
2015,2,4,1.02020156383514
2015,2,5,0.988396108150482
2015,2,6,16.9192218780518
2015,2,7,0
2015,2,8,2.2829562658444e-4
2015,2,9,0.0418912135064602
2015,2,10,0.26200470328331
2015,2,11,0.0713977292180061
2015,2,12,5.2340496040415e-5
2015,3,1,57.3231658935547
2015,3,2,8.51462841033936
2015,3,3,10.7520122528076
2015,3,4,4.8691873550415
2015,3,5,8.78564071655273
2015,3,6,112.570159912109
2015,3,7,0.071588546037674
2015,3,8,0.0112499417737126
2015,3,9,0.146568134427071
2015,3,10,0.973015308380127
2015,3,11,0.704117655754089
2015,3,12,0.0011824001558125
2015,4,1,16.9045562744141
2015,4,2,7.51621055603027
2015,4,3,16.0005264282227
2015,4,4,6.75264120101929
2015,4,5,15.4086275100708
2015,4,6,131.363784790039
2015,4,7,0.23387037217617
2015,4,8,0.0706653222441673
2015,4,9,0.280126303434372
2015,4,10,0.954801201820374
2015,4,11,1.22514939308167
2015,4,12,0.00431255297735333
2015,5,1,15.4478893280029
2015,5,2,6.36052131652832
2015,5,3,25.2890548706055
2015,5,4,9.87256336212158
2015,5,5,35.9690551757813
2015,5,6,108.646408081055
2015,5,7,3.05261969566345
2015,5,8,0.269822537899017
2015,5,9,0.611092567443848
2015,5,10,0.744965553283691
2015,5,11,1.22847080230713
2015,5,12,0.00618908647447824
2015,6,1,4.6596941947937
2015,6,2,1.77737879753113
2015,6,3,14.930775642395
2015,6,4,6.15529346466064
2015,6,5,30.4028739929199
2015,6,6,30.6522045135498
2015,6,7,6.82594966888428
2015,6,8,0.354627251625061
2015,6,9,0.328155130147934
2015,6,10,0.721045553684235
2015,6,11,0.279184848070145
2015,6,12,0.00139972928445786
2015,7,1,1.78044092655182
2015,7,2,0.172504752874374
2015,7,3,10.7457695007324
2015,7,4,5.68593883514404
2015,7,5,9.63371562957764
2015,7,6,6.57912158966064
2015,7,7,14.650333404541
2015,7,8,0.335794270038605
2015,7,9,0.710772216320038
2015,7,10,0.22579367458820301
2015,7,11,0.0983393713831902
2015,7,12,5.47286181244999e-4
2015,8,1,1.15573966503143
2015,8,2,0.0840893164277077
2015,8,3,11.3321313858032
2015,8,4,7.71474695205688
2015,8,5,5.94492626190186
2015,8,6,3.80133962631226
2015,8,7,61.5464019775391
2015,8,8,0.564365684986115
2015,8,9,0.689553797245026
2015,8,10,0.328049570322037
2015,8,11,3.38708686828613
2015,8,12,5.34344115294516e-4
2016,1,1,109.619804382324
2016,1,2,0.684037923812866
2016,1,3,0.344905465841293
2016,1,4,0.17281998693943
2016,1,5,0.106883145868778
2016,1,6,1.33692705631256
2016,1,7,0
2016,1,8,0
2016,1,9,0.00806686468422413
2016,1,10,0.0146636422723532
2016,1,11,0.00345062324777246
2016,1,12,1.31596232222364e-6
2016,2,1,105.927940368652
2016,2,2,3.32874035835266
2016,2,3,2.13217568397522
2016,2,4,1.02020156383514
2016,2,5,0.988396108150482
2016,2,6,16.9192218780518
2016,2,7,0
2016,2,8,2.2829562658444e-4
2016,2,9,0.0418912135064602
2016,2,10,0.26200470328331
2016,2,11,0.0713977292180061
2016,2,12,5.2340496040415e-5
2016,3,1,57.3231658935547
2016,3,2,8.51462841033936
2016,3,3,10.7520122528076
2016,3,4,4.8691873550415
2016,3,5,8.78564071655273
2016,3,6,112.570159912109
2016,3,7,0.071588546037674
2016,3,8,0.0112499417737126
2016,3,9,0.146568134427071
2016,3,10,0.973015308380127
2016,3,11,0.704117655754089
2016,3,12,0.0011824001558125
2016,4,1,16.9045562744141
2016,4,2,7.51621055603027
2016,4,3,16.0005264282227
2016,4,4,6.75264120101929
2016,4,5,15.4086275100708
2016,4,6,131.363784790039
2016,4,7,0.23387037217617
2016,4,8,0.0706653222441673
2016,4,9,0.280126303434372
2016,4,10,0.954801201820374
2016,4,11,1.22514939308167
2016,4,12,0.00431255297735333
2016,5,1,15.4478893280029
2016,5,2,6.36052131652832
2016,5,3,25.2890548706055
2016,5,4,9.87256336212158
2016,5,5,35.9690551757813
2016,5,6,108.646408081055
2016,5,7,3.05261969566345
2016,5,8,0.269822537899017
2016,5,9,0.611092567443848
2016,5,10,0.744965553283691
2016,5,11,1.22847080230713
2016,5,12,0.00618908647447824
2016,6,1,4.6596941947937
2016,6,2,1.77737879753113
2016,6,3,14.930775642395
2016,6,4,6.15529346466064
2016,6,5,30.4028739929199
2016,6,6,30.6522045135498
2016,6,7,6.82594966888428
2016,6,8,0.354627251625061
2016,6,9,0.328155130147934
2016,6,10,0.721045553684235
2016,6,11,0.279184848070145
2016,6,12,0.00139972928445786
2016,7,1,1.78044092655182
2016,7,2,0.172504752874374
2016,7,3,10.7457695007324
2016,7,4,5.68593883514404
2016,7,5,9.63371562957764
2016,7,6,6.57912158966064
2016,7,7,14.650333404541
2016,7,8,0.335794270038605
2016,7,9,0.710772216320038
2016,7,10,0.22579367458820301
2016,7,11,0.0983393713831902
2016,7,12,5.47286181244999e-4
2016,8,1,1.15573966503143
2016,8,2,0.0840893164277077
2016,8,3,11.3321313858032
2016,8,4,7.71474695205688
2016,8,5,5.94492626190186
2016,8,6,3.80133962631226
2016,8,7,61.5464019775391
2016,8,8,0.564365684986115
2016,8,9,0.689553797245026
2016,8,10,0.328049570322037
2016,8,11,3.38708686828613
2016,8,12,5.34344115294516e-4
2017,1,1,109.619804382324
2017,1,2,0.684037923812866
2017,1,3,0.344905465841293
2017,1,4,0.17281998693943
2017,1,5,0.106883145868778
2017,1,6,1.33692705631256
2017,1,7,0
2017,1,8,0
2017,1,9,0.00806686468422413
2017,1,10,0.0146636422723532
2017,1,11,0.00345062324777246
2017,1,12,1.31596232222364e-6
2017,2,1,105.927940368652
2017,2,2,3.32874035835266
2017,2,3,2.13217568397522
2017,2,4,1.02020156383514
2017,2,5,0.988396108150482
2017,2,6,16.9192218780518
2017,2,7,0
2017,2,8,2.2829562658444e-4
2017,2,9,0.0418912135064602
2017,2,10,0.26200470328331
2017,2,11,0.0713977292180061
2017,2,12,5.2340496040415e-5
2017,3,1,57.3231658935547
2017,3,2,8.51462841033936
2017,3,3,10.7520122528076
2017,3,4,4.8691873550415
2017,3,5,8.78564071655273
2017,3,6,112.570159912109
2017,3,7,0.071588546037674
2017,3,8,0.0112499417737126
2017,3,9,0.146568134427071
2017,3,10,0.973015308380127
2017,3,11,0.704117655754089
2017,3,12,0.0011824001558125
2017,4,1,16.9045562744141
2017,4,2,7.51621055603027
2017,4,3,16.0005264282227
2017,4,4,6.75264120101929
2017,4,5,15.4086275100708
2017,4,6,131.363784790039
2017,4,7,0.23387037217617
2017,4,8,0.0706653222441673
2017,4,9,0.280126303434372
2017,4,10,0.954801201820374
2017,4,11,1.22514939308167
2017,4,12,0.00431255297735333
2017,5,1,15.4478893280029
2017,5,2,6.36052131652832
2017,5,3,25.2890548706055
2017,5,4,9.87256336212158
2017,5,5,35.9690551757813
2017,5,6,108.646408081055
2017,5,7,3.05261969566345
2017,5,8,0.269822537899017
2017,5,9,0.611092567443848
2017,5,10,0.744965553283691
2017,5,11,1.22847080230713
2017,5,12,0.00618908647447824
2017,6,1,4.6596941947937
2017,6,2,1.77737879753113
2017,6,3,14.930775642395
2017,6,4,6.15529346466064
2017,6,5,30.4028739929199
2017,6,6,30.6522045135498
2017,6,7,6.82594966888428
2017,6,8,0.354627251625061
2017,6,9,0.328155130147934
2017,6,10,0.721045553684235
2017,6,11,0.279184848070145
2017,6,12,0.00139972928445786
2017,7,1,1.78044092655182
2017,7,2,0.172504752874374
2017,7,3,10.7457695007324
2017,7,4,5.68593883514404
2017,7,5,9.63371562957764
2017,7,6,6.57912158966064
2017,7,7,14.650333404541
2017,7,8,0.335794270038605
2017,7,9,0.710772216320038
2017,7,10,0.22579367458820301
2017,7,11,0.0983393713831902
2017,7,12,5.47286181244999e-4
2017,8,1,1.15573966503143
2017,8,2,0.0840893164277077
2017,8,3,11.3321313858032
2017,8,4,7.71474695205688
2017,8,5,5.94492626190186
2017,8,6,3.80133962631226
2017,8,7,61.5464019775391
2017,8,8,0.564365684986115
2017,8,9,0.689553797245026
2017,8,10,0.328049570322037
2017,8,11,3.38708686828613
2017,8,12,5.34344115294516e-4
2018,1,1,109.619804382324
2018,1,2,0.684037923812866
2018,1,3,0.344905465841293
2018,1,4,0.17281998693943
2018,1,5,0.106883145868778
2018,1,6,1.33692705631256
2018,1,7,0
2018,1,8,0
2018,1,9,0.00806686468422413
2018,1,10,0.0146636422723532
2018,1,11,0.00345062324777246
2018,1,12,1.31596232222364e-6
2018,2,1,105.927940368652
2018,2,2,3.32874035835266
2018,2,3,2.13217568397522
2018,2,4,1.02020156383514
2018,2,5,0.988396108150482
2018,2,6,16.9192218780518
2018,2,7,0
2018,2,8,2.2829562658444e-4
2018,2,9,0.0418912135064602
2018,2,10,0.26200470328331
2018,2,11,0.0713977292180061
2018,2,12,5.2340496040415e-5
2018,3,1,57.3231658935547
2018,3,2,8.51462841033936
2018,3,3,10.7520122528076
2018,3,4,4.8691873550415
2018,3,5,8.78564071655273
2018,3,6,112.570159912109
2018,3,7,0.071588546037674
2018,3,8,0.0112499417737126
2018,3,9,0.146568134427071
2018,3,10,0.973015308380127
2018,3,11,0.704117655754089
2018,3,12,0.0011824001558125
2018,4,1,16.9045562744141
2018,4,2,7.51621055603027
2018,4,3,16.0005264282227
2018,4,4,6.75264120101929
2018,4,5,15.4086275100708
2018,4,6,131.363784790039
2018,4,7,0.23387037217617
2018,4,8,0.0706653222441673
2018,4,9,0.280126303434372
2018,4,10,0.954801201820374
2018,4,11,1.22514939308167
2018,4,12,0.00431255297735333
2018,5,1,15.4478893280029
2018,5,2,6.36052131652832
2018,5,3,25.2890548706055
2018,5,4,9.87256336212158
2018,5,5,35.9690551757813
2018,5,6,108.646408081055
2018,5,7,3.05261969566345
2018,5,8,0.269822537899017
2018,5,9,0.611092567443848
2018,5,10,0.744965553283691
2018,5,11,1.22847080230713
2018,5,12,0.00618908647447824
2018,6,1,4.6596941947937
2018,6,2,1.77737879753113
2018,6,3,14.930775642395
2018,6,4,6.15529346466064
2018,6,5,30.4028739929199
2018,6,6,30.6522045135498
2018,6,7,6.82594966888428
2018,6,8,0.354627251625061
2018,6,9,0.328155130147934
2018,6,10,0.721045553684235
2018,6,11,0.279184848070145
2018,6,12,0.00139972928445786
2018,7,1,1.78044092655182
2018,7,2,0.172504752874374
2018,7,3,10.7457695007324
2018,7,4,5.68593883514404
2018,7,5,9.63371562957764
2018,7,6,6.57912158966064
2018,7,7,14.650333404541
2018,7,8,0.335794270038605
2018,7,9,0.710772216320038
2018,7,10,0.22579367458820301
2018,7,11,0.0983393713831902
2018,7,12,5.47286181244999e-4
2018,8,1,1.15573966503143
2018,8,2,0.0840893164277077
2018,8,3,11.3321313858032
2018,8,4,7.71474695205688
2018,8,5,5.94492626190186
2018,8,6,3.80133962631226
2018,8,7,61.5464019775391
2018,8,8,0.564365684986115
2018,8,9,0.689553797245026
2018,8,10,0.328049570322037
2018,8,11,3.38708686828613
2018,8,12,5.34344115294516e-4
2019,1,1,109.619804382324
2019,1,2,0.684037923812866
2019,1,3,0.344905465841293
2019,1,4,0.17281998693943
2019,1,5,0.106883145868778
2019,1,6,1.33692705631256
2019,1,7,0
2019,1,8,0
2019,1,9,0.00806686468422413
2019,1,10,0.0146636422723532
2019,1,11,0.00345062324777246
2019,1,12,1.31596232222364e-6
2019,2,1,105.927940368652
2019,2,2,3.32874035835266
2019,2,3,2.13217568397522
2019,2,4,1.02020156383514
2019,2,5,0.988396108150482
2019,2,6,16.9192218780518
2019,2,7,0
2019,2,8,2.2829562658444e-4
2019,2,9,0.0418912135064602
2019,2,10,0.26200470328331
2019,2,11,0.0713977292180061
2019,2,12,5.2340496040415e-5
2019,3,1,57.3231658935547
2019,3,2,8.51462841033936
2019,3,3,10.7520122528076
2019,3,4,4.8691873550415
2019,3,5,8.78564071655273
2019,3,6,112.570159912109
2019,3,7,0.071588546037674
2019,3,8,0.0112499417737126
2019,3,9,0.146568134427071
2019,3,10,0.973015308380127
2019,3,11,0.704117655754089
2019,3,12,0.0011824001558125
2019,4,1,16.9045562744141
2019,4,2,7.51621055603027
2019,4,3,16.0005264282227
2019,4,4,6.75264120101929
2019,4,5,15.4086275100708
2019,4,6,131.363784790039
2019,4,7,0.23387037217617
2019,4,8,0.0706653222441673
2019,4,9,0.280126303434372
2019,4,10,0.954801201820374
2019,4,11,1.22514939308167
2019,4,12,0.00431255297735333
2019,5,1,15.4478893280029
2019,5,2,6.36052131652832
2019,5,3,25.2890548706055
2019,5,4,9.87256336212158
2019,5,5,35.9690551757813
2019,5,6,108.646408081055
2019,5,7,3.05261969566345
2019,5,8,0.269822537899017
2019,5,9,0.611092567443848
2019,5,10,0.744965553283691
2019,5,11,1.22847080230713
2019,5,12,0.00618908647447824
2019,6,1,4.6596941947937
2019,6,2,1.77737879753113
2019,6,3,14.930775642395
2019,6,4,6.15529346466064
2019,6,5,30.4028739929199
2019,6,6,30.6522045135498
2019,6,7,6.82594966888428
2019,6,8,0.354627251625061
2019,6,9,0.328155130147934
2019,6,10,0.721045553684235
2019,6,11,0.279184848070145
2019,6,12,0.00139972928445786
2019,7,1,1.78044092655182
2019,7,2,0.172504752874374
2019,7,3,10.7457695007324
2019,7,4,5.68593883514404
2019,7,5,9.63371562957764
2019,7,6,6.57912158966064
2019,7,7,14.650333404541
2019,7,8,0.335794270038605
2019,7,9,0.710772216320038
2019,7,10,0.22579367458820301
2019,7,11,0.0983393713831902
2019,7,12,5.47286181244999e-4
2019,8,1,1.15573966503143
2019,8,2,0.0840893164277077
2019,8,3,11.3321313858032
2019,8,4,7.71474695205688
2019,8,5,5.94492626190186
2019,8,6,3.80133962631226
2019,8,7,61.5464019775391
2019,8,8,0.564365684986115
2019,8,9,0.689553797245026
2019,8,10,0.328049570322037
2019,8,11,3.38708686828613
2019,8,12,5.34344115294516e-4
2020,1,1,109.619804382324
2020,1,2,0.684037923812866
2020,1,3,0.344905465841293
2020,1,4,0.17281998693943
2020,1,5,0.106883145868778
2020,1,6,1.33692705631256
2020,1,7,0
2020,1,8,0
2020,1,9,0.00806686468422413
2020,1,10,0.0146636422723532
2020,1,11,0.00345062324777246
2020,1,12,1.31596232222364e-6
2020,2,1,105.927940368652
2020,2,2,3.32874035835266
2020,2,3,2.13217568397522
2020,2,4,1.02020156383514
2020,2,5,0.988396108150482
2020,2,6,16.9192218780518
2020,2,7,0
2020,2,8,2.2829562658444e-4
2020,2,9,0.0418912135064602
2020,2,10,0.26200470328331
2020,2,11,0.0713977292180061
2020,2,12,5.2340496040415e-5
2020,3,1,57.3231658935547
2020,3,2,8.51462841033936
2020,3,3,10.7520122528076
2020,3,4,4.8691873550415
2020,3,5,8.78564071655273
2020,3,6,112.570159912109
2020,3,7,0.071588546037674
2020,3,8,0.0112499417737126
2020,3,9,0.146568134427071
2020,3,10,0.973015308380127
2020,3,11,0.704117655754089
2020,3,12,0.0011824001558125
2020,4,1,16.9045562744141
2020,4,2,7.51621055603027
2020,4,3,16.0005264282227
2020,4,4,6.75264120101929
2020,4,5,15.4086275100708
2020,4,6,131.363784790039
2020,4,7,0.23387037217617
2020,4,8,0.0706653222441673
2020,4,9,0.280126303434372
2020,4,10,0.954801201820374
2020,4,11,1.22514939308167
2020,4,12,0.00431255297735333
2020,5,1,15.4478893280029
2020,5,2,6.36052131652832
2020,5,3,25.3430194854736
2020,5,4,9.89954566955566
2020,5,5,35.9690551757813
2020,5,6,108.646408081055
2020,5,7,3.05261969566345
2020,5,8,0.188875779509544
2020,5,9,0.611092567443848
2020,5,10,0.744965553283691
2020,5,11,1.22847080230713
2020,5,12,0.00618908647447824
2020,6,1,4.6596941947937
2020,6,2,1.77737879753113
2020,6,3,14.930775642395
2020,6,4,6.15529346466064
2020,6,5,30.4028739929199
2020,6,6,30.6522045135498
2020,6,7,6.82594966888428
2020,6,8,0.354627251625061
2020,6,9,0.328155130147934
2020,6,10,0.721045553684235
2020,6,11,0.279184848070145
2020,6,12,0.00139972928445786
2020,7,1,1.78044092655182
2020,7,2,0.172504752874374
2020,7,3,10.7457695007324
2020,7,4,5.68593883514404
2020,7,5,9.63371562957764
2020,7,6,6.57912158966064
2020,7,7,14.650333404541
2020,7,8,0.335794270038605
2020,7,9,0.710772216320038
2020,7,10,0.22579367458820301
2020,7,11,0.0983393713831902
2020,7,12,5.47286181244999e-4
2020,8,1,1.15573966503143
2020,8,2,0.0840893164277077
2020,8,3,11.3321313858032
2020,8,4,7.71474695205688
2020,8,5,5.94492626190186
2020,8,6,3.80133962631226
2020,8,7,61.5464019775391
2020,8,8,0.564365684986115
2020,8,9,0.689553797245026
2020,8,10,0.328049570322037
2020,8,11,3.38708686828613
2020,8,12,5.34344115294516e-4
2021,1,1,108.743186950684
2021,1,2,0.684383571147919
2021,1,3,0.564145088195801
2021,1,4,0.281748533248901
2021,1,5,0.654982149600983
2021,1,6,1.33702969551086
2021,1,7,0
2021,1,8,0
2021,1,9,0.00806686468422413
2021,1,10,0.0145609965547919
2021,1,11,0.00345062324777246
2021,1,12,1.31596232222364e-6
2021,2,1,102.961959838867
2021,2,2,3.82416439056396
2021,2,3,2.62130403518677
2021,2,4,1.22009038925171
2021,2,5,1.42786979675293
2021,2,6,18.2678394317627
2021,2,7,0
2021,2,8,2.2829562658444e-4
2021,2,9,0.0418912135064602
2021,2,10,0.25545459985733
2021,2,11,0.0713977292180061
2021,2,12,5.2340496040415e-5
2021,3,1,55.5415687561035
2021,3,2,8.91676807403564
2021,3,3,10.5333452224731
2021,3,4,4.85723495483398
2021,3,5,9.38773632049561
2021,3,6,113.014640808105
2021,3,7,0.186234891414642
2021,3,8,0.0112499417737126
2021,3,9,0.146568134427071
2021,3,10,1.421870470047
2021,3,11,0.704117655754089
2021,3,12,0.0011824001558125
2021,4,1,16.1607551574707
2021,4,2,7.59717798233032
2021,4,3,15.819652557373
2021,4,4,6.71293449401855
2021,4,5,15.828483581543
2021,4,6,131.700393676758
2021,4,7,0.23387037217617
2021,4,8,0.149980768561363
2021,4,9,0.277044922113419
2021,4,10,1.0055148601532
2021,4,11,1.22514939308167
2021,4,12,0.00431255297735333
2021,5,1,15.4478893280029
2021,5,2,6.36052131652832
2021,5,3,25.1643028259277
2021,5,4,9.89088821411133
2021,5,5,35.9690551757813
2021,5,6,108.509307861328
2021,5,7,3.05261969566345
2021,5,8,0.513346672058105
2021,5,9,0.611092567443848
2021,5,10,0.744965553283691
2021,5,11,1.22847080230713
2021,5,12,0.00618908647447824
2021,6,1,4.6596941947937
2021,6,2,1.77737879753113
2021,6,3,14.7963981628418
2021,6,4,6.09989595413208
2021,6,5,30.4028739929199
2021,6,6,30.6820659637451
2021,6,7,6.83826017379761
2021,6,8,0.459142684936523
2021,6,9,0.371242195367813
2021,6,10,0.721045553684235
2021,6,11,0.279184848070145
2021,6,12,0.00139972928445786
2021,7,1,1.78044092655182
2021,7,2,0.172504752874374
2021,7,3,10.5201082229614
2021,7,4,5.67268896102905
2021,7,5,9.63371562957764
2021,7,6,6.66633987426758
2021,7,7,14.650333404541
2021,7,8,0.487487256526947
2021,7,9,0.710772216320038
2021,7,10,0.22579367458820301
2021,7,11,0.0983393713831902
2021,7,12,5.47286181244999e-4
2021,8,1,1.15573966503143
2021,8,2,0.0840893164277077
2021,8,3,11.1734819412231
2021,8,4,7.60674047470093
2021,8,5,5.94492626190186
2021,8,6,3.80133962631226
2021,8,7,61.5464019775391
2021,8,8,0.858118712902069
2021,8,9,0.689553797245026
2021,8,10,0.328049570322037
2021,8,11,3.35999011993408
2021,8,12,5.34344115294516e-4
2022,1,1,106.331909179688
2022,1,2,0.684729218482971
2022,1,3,0.783384680747986
2022,1,4,0.390677034854889
2022,1,5,1.20308113098145
2022,1,6,2.87180972099304
2022,1,7,0
2022,1,8,0
2022,1,9,0.00806686468422413
2022,1,10,0.0144583508372307
2022,1,11,0.00345062324777246
2022,1,12,1.31596232222364e-6
2022,2,1,99.995979309082
2022,2,2,4.31958866119385
2022,2,3,3.11043214797974
2022,2,4,1.41997909545898
2022,2,5,1.86734342575073
2022,2,6,19.6164569854736
2022,2,7,0
2022,2,8,2.2829562658444e-4
2022,2,9,0.0418912135064602
2022,2,10,0.248904466629028
2022,2,11,0.0713977292180061
2022,2,12,5.2340496040415e-5
2022,3,1,53.7599754333496
2022,3,2,9.31890773773193
2022,3,3,10.3146810531616
2022,3,4,4.84528255462646
2022,3,5,9.98983097076416
2022,3,6,113.459114074707
2022,3,7,0.300881206989288
2022,3,8,0.0112499417737126
2022,3,9,0.146568134427071
2022,3,10,1.87072575092316
2022,3,11,0.704117655754089
2022,3,12,0.0011824001558125
2022,4,1,15.4169549942017
2022,4,2,7.67814540863037
2022,4,3,15.6387777328491
2022,4,4,6.67322874069214
2022,4,5,16.2483386993408
2022,4,6,132.037002563477
2022,4,7,0.23387037217617
2022,4,8,0.22929622232914
2022,4,9,0.273963510990143
2022,4,10,1.05622851848602
2022,4,11,1.22514939308167
2022,4,12,0.00431255297735333
2022,5,1,15.4478893280029
2022,5,2,6.36052131652832
2022,5,3,24.9855861663818
2022,5,4,9.85524845123291
2022,5,5,35.9690551757813
2022,5,6,108.372215270996
2022,5,7,3.05261969566345
2022,5,8,0.864799797534943
2022,5,9,0.611092567443848
2022,5,10,0.744965553283691
2022,5,11,1.22847080230713
2022,5,12,0.00618908647447824
2022,6,1,4.6596941947937
2022,6,2,1.77737879753113
2022,6,3,14.6620216369629
2022,6,4,6.04449796676636
2022,6,5,30.4028739929199
2022,6,6,30.7119274139404
2022,6,7,6.85057067871094
2022,6,8,0.563658118247986
2022,6,9,0.41432923078537
2022,6,10,0.721045553684235
2022,6,11,0.279184848070145
2022,6,12,0.00139972928445786
2022,7,1,1.78044092655182
2022,7,2,0.172504752874374
2022,7,3,10.2944469451904
2022,7,4,5.6594386100769
2022,7,5,9.63371562957764
2022,7,6,6.75355815887451
2022,7,7,14.650333404541
2022,7,8,0.639180243015289
2022,7,9,0.710772216320038
2022,7,10,0.22579367458820301
2022,7,11,0.0983393713831902
2022,7,12,5.47286181244999e-4
2022,8,1,1.15573966503143
2022,8,2,0.0840893164277077
2022,8,3,11.0148315429688
2022,8,4,7.49873399734497
2022,8,5,5.94492626190186
2022,8,6,3.80133962631226
2022,8,7,61.5464019775391
2022,8,8,1.15187168121338
2022,8,9,0.689553797245026
2022,8,10,0.328049570322037
2022,8,11,3.33289361000061
2022,8,12,5.34344115294516e-4
2023,1,1,104.687950134277
2023,1,2,0.685074865818024
2023,1,3,1.00262427330017
2023,1,4,0.499605566263199
2023,1,5,1.75118017196655
2023,1,6,3.63925075531006
2023,1,7,0
2023,1,8,0
2023,1,9,0.00806686468422413
2023,1,10,0.0143557051196694
2023,1,11,0.00345062324777246
2023,1,12,1.31596232222364e-6
2023,2,1,97.0299911499023
2023,2,2,4.81501245498657
2023,2,3,3.59956073760986
2023,2,4,1.61986792087555
2023,2,5,2.30681705474854
2023,2,6,20.9650745391846
2023,2,7,0
2023,2,8,2.2829562658444e-4
2023,2,9,0.0418912135064602
2023,2,10,0.242354348301888
2023,2,11,0.0713977292180061
2023,2,12,5.2340496040415e-5
2023,3,1,51.9783782958984
2023,3,2,9.72104644775391
2023,3,3,10.0960140228271
2023,3,4,4.83332967758179
2023,3,5,10.591926574707
2023,3,6,113.903594970703
2023,3,7,0.415527552366257
2023,3,8,0.0112499417737126
2023,3,9,0.146568134427071
2023,3,10,2.31958103179932
2023,3,11,0.704117655754089
2023,3,12,0.0011824001558125
2023,4,1,14.6731548309326
2023,4,2,7.75911283493042
2023,4,3,15.4579057693481
2023,4,4,6.63352155685425
2023,4,5,16.6681957244873
2023,4,6,132.373611450195
2023,4,7,0.23387037217617
2023,4,8,0.308611661195755
2023,4,9,0.270882129669189
2023,4,10,1.10694217681885
2023,4,11,1.22514939308167
2023,4,12,0.00431255297735333
2023,5,1,15.4478893280029
2023,5,2,6.36052131652832
2023,5,3,24.8338508605957
2023,5,4,9.84659194946289
2023,5,5,35.9690551757813
2023,5,6,108.23511505127
2023,5,7,3.05261969566345
2023,5,8,1.16228842735291
2023,5,9,0.611092567443848
2023,5,10,0.744965553283691
2023,5,11,1.22847080230713
2023,5,12,0.00618908647447824
2023,6,1,4.6596941947937
2023,6,2,1.77737879753113
2023,6,3,14.5276441574097
2023,6,4,5.98910045623779
2023,6,5,30.4028739929199
2023,6,6,30.7417888641357
2023,6,7,6.86288166046143
2023,6,8,0.668173551559448
2023,6,9,0.457416296005249
2023,6,10,0.721045553684235
2023,6,11,0.279184848070145
2023,6,12,0.00139972928445786
2023,7,1,1.78044092655182
2023,7,2,0.172504752874374
2023,7,3,10.0687856674194
2023,7,4,5.64618825912476
2023,7,5,9.63371562957764
2023,7,6,6.8407769203186
2023,7,7,14.650333404541
2023,7,8,0.790873229503632
2023,7,9,0.710772216320038
2023,7,10,0.22579367458820301
2023,7,11,0.0983393713831902
2023,7,12,5.47286181244999e-4
2023,8,1,1.15573966503143
2023,8,2,0.0840893164277077
2023,8,3,10.8561820983887
2023,8,4,7.39072751998901
2023,8,5,5.94492626190186
2023,8,6,3.80133962631226
2023,8,7,61.5464019775391
2023,8,8,1.44562470912933
2023,8,9,0.689553797245026
2023,8,10,0.328049570322037
2023,8,11,3.30579686164856
2023,8,12,5.34344115294516e-4
2024,1,1,103.043998718262
2024,1,2,0.685420513153076
2024,1,3,1.22186398506165
2024,1,4,0.608534097671509
2024,1,5,2.29927897453308
2024,1,6,4.40669202804565
2024,1,7,0
2024,1,8,0
2024,1,9,0.00806686468422413
2024,1,10,0.0142530603334308
2024,1,11,0.00345062324777246
2024,1,12,1.31596232222364e-6
2024,2,1,94.0640106201172
2024,2,2,5.31043672561646
2024,2,3,4.08868885040283
2024,2,4,1.81975662708282
2024,2,5,2.74629068374634
2024,2,6,22.3136920928955
2024,2,7,0
2024,2,8,2.2829562658444e-4
2024,2,9,0.0418912135064602
2024,2,10,0.235804229974747
2024,2,11,0.0713977292180061
2024,2,12,5.2340496040415e-5
2024,3,1,50.1967849731445
2024,3,2,10.1231861114502
2024,3,3,9.87734794616699
2024,3,4,4.82137727737427
2024,3,5,11.1940212249756
2024,3,6,114.348068237305
2024,3,7,0.530173897743225
2024,3,8,0.0112499417737126
2024,3,9,0.146568134427071
2024,3,10,2.76843595504761
2024,3,11,0.704117655754089
2024,3,12,0.0011824001558125
2024,4,1,13.9293546676636
2024,4,2,7.84008026123047
2024,4,3,15.2770309448242
2024,4,4,6.59381580352783
2024,4,5,17.0880508422852
2024,4,6,132.710220336914
2024,4,7,0.23387037217617
2024,4,8,0.387927144765854
2024,4,9,0.267800748348236
2024,4,10,1.15765583515167
2024,4,11,1.22514939308167
2024,4,12,0.00431255297735333
2024,5,1,15.4478893280029
2024,5,2,6.36052131652832
2024,5,3,24.6821174621582
2024,5,4,9.83793449401855
2024,5,5,35.9690551757813
2024,5,6,108.098022460938
2024,5,7,3.05261969566345
2024,5,8,1.45977711677551
2024,5,9,0.611092567443848
2024,5,10,0.744965553283691
2024,5,11,1.22847080230713
2024,5,12,0.00618908647447824
2024,6,1,4.6596941947937
2024,6,2,1.77737879753113
2024,6,3,14.3932676315308
2024,6,4,5.93370294570923
2024,6,5,30.4028739929199
2024,6,6,30.7716503143311
2024,6,7,6.87519216537476
2024,6,8,0.772688984870911
2024,6,9,0.500503361225128
2024,6,10,0.721045553684235
2024,6,11,0.279184848070145
2024,6,12,0.00139972928445786
2024,7,1,1.78044092655182
2024,7,2,0.172504752874374
2024,7,3,9.84312534332275
2024,7,4,5.63293790817261
2024,7,5,9.63371562957764
2024,7,6,6.92799520492554
2024,7,7,14.650333404541
2024,7,8,0.942566275596619
2024,7,9,0.710772216320038
2024,7,10,0.22579367458820301
2024,7,11,0.0983393713831902
2024,7,12,5.47286181244999e-4
2024,8,1,1.15573966503143
2024,8,2,0.0840893164277077
2024,8,3,10.6975317001343
2024,8,4,7.28272104263306
2024,8,5,5.94492626190186
2024,8,6,3.80133962631226
2024,8,7,61.5464019775391
2024,8,8,1.73937773704529
2024,8,9,0.689553797245026
2024,8,10,0.328049570322037
2024,8,11,3.27870011329651
2024,8,12,5.34344115294516e-4
2025,1,1,101.400054931641
2025,1,2,0.685766100883484
2025,1,3,1.44110345840454
2025,1,4,0.717462539672852
2025,1,5,2.84737825393677
2025,1,6,5.17413377761841
2025,1,7,0
2025,1,8,0
2025,1,9,0.00806686468422413
2025,1,10,0.0141504146158695
2025,1,11,0.00345062324777246
2025,1,12,1.31596232222364e-6
2025,2,1,91.098030090332
2025,2,2,5.80586051940918
2025,2,3,4.57781744003296
2025,2,4,2.01964545249939
2025,2,5,3.18576407432556
2025,2,6,23.6623096466064
2025,2,7,0
2025,2,8,2.2829562658444e-4
2025,2,9,0.0418912135064602
2025,2,10,0.229254111647606
2025,2,11,0.0713977292180061
2025,2,12,5.2340496040415e-5
2025,3,1,48.4151916503906
2025,3,2,10.5253257751465
2025,3,3,9.65868282318115
2025,3,4,4.80942487716675
2025,3,5,11.7961168289185
2025,3,6,114.792549133301
2025,3,7,0.644820213317871
2025,3,8,0.0112499417737126
2025,3,9,0.146568134427071
2025,3,10,3.21729111671448
2025,3,11,0.704117655754089
2025,3,12,0.0011824001558125
2025,4,1,13.1855535507202
2025,4,2,7.92104721069336
2025,4,3,15.0961570739746
2025,4,4,6.5541090965271
2025,4,5,17.5079078674316
2025,4,6,133.046829223633
2025,4,7,0.23387037217617
2025,4,8,0.467242538928986
2025,4,9,0.264719367027283
2025,4,10,1.2083694934845
2025,4,11,1.22514939308167
2025,4,12,0.00431255297735333
2025,5,1,15.4478893280029
2025,5,2,6.36052131652832
2025,5,3,24.5303840637207
2025,5,4,9.82927703857422
2025,5,5,35.9690551757813
2025,5,6,107.960922241211
2025,5,7,3.05261969566345
2025,5,8,1.75726556777954
2025,5,9,0.611092567443848
2025,5,10,0.744965553283691
2025,5,11,1.22847080230713
2025,5,12,0.00618908647447824
2025,6,1,4.6596941947937
2025,6,2,1.77737879753113
2025,6,3,14.2588901519775
2025,6,4,5.87830495834351
2025,6,5,30.4028739929199
2025,6,6,30.8015117645264
2025,6,7,6.88750267028809
2025,6,8,0.877204418182373
2025,6,9,0.543590426445007
2025,6,10,0.721045553684235
2025,6,11,0.279184848070145
2025,6,12,0.00139972928445786
2025,7,1,1.78044092655182
2025,7,2,0.172504752874374
2025,7,3,9.61746311187744
2025,7,4,5.61968803405762
2025,7,5,9.63371562957764
2025,7,6,7.01521348953247
2025,7,7,14.650333404541
2025,7,8,1.09425926208496
2025,7,9,0.710772216320038
2025,7,10,0.22579367458820301
2025,7,11,0.0983393713831902
2025,7,12,5.47286181244999e-4
2025,8,1,1.15573966503143
2025,8,2,0.0840893164277077
2025,8,3,10.5388822555542
2025,8,4,7.1747145652771
2025,8,5,5.94492626190186
2025,8,6,3.80133962631226
2025,8,7,61.5464019775391
2025,8,8,2.03313064575195
2025,8,9,0.689553797245026
2025,8,10,0.328049570322037
2025,8,11,3.25160336494446
2025,8,12,5.34344115294516e-4
2026,1,1,99.756103515625
2026,1,2,0.686111748218536
2026,1,3,1.66034317016602
2026,1,4,0.826391160488129
2026,1,5,3.3954770565033
2026,1,6,5.94157457351685
2026,1,7,0
2026,1,8,0
2026,1,9,0.00806686468422413
2026,1,10,0.0140477688983083
2026,1,11,0.00345062324777246
2026,1,12,1.31596232222364e-6
2026,2,1,88.1320495605469
2026,2,2,6.30128479003906
2026,2,3,5.06694555282593
2026,2,4,2.21953439712524
2026,2,5,3.62523818016052
2026,2,6,25.0109272003174
2026,2,7,0
2026,2,8,2.2829562658444e-4
2026,2,9,0.0418912135064602
2026,2,10,0.222704008221626
2026,2,11,0.0713977292180061
2026,2,12,5.2340496040415e-5
2026,3,1,46.6335983276367
2026,3,2,10.9274654388428
2026,3,3,9.44001579284668
2026,3,4,4.79747200012207
2026,3,5,12.398211479187
2026,3,6,115.237022399902
2026,3,7,0.759466528892517
2026,3,8,0.0112499417737126
2026,3,9,0.146568134427071
2026,3,10,3.66614651679993
2026,3,11,0.704117655754089
2026,3,12,0.0011824001558125
2026,4,1,12.4417533874512
2026,4,2,8.00201416015625
2026,4,3,14.9152822494507
2026,4,4,6.51440286636353
2026,4,5,17.9277629852295
2026,4,6,133.383438110352
2026,4,7,0.23387037217617
2026,4,8,0.546558022499084
2026,4,9,0.261637985706329
2026,4,10,1.25908327102661
2026,4,11,1.22514939308167
2026,4,12,0.00431255297735333
2026,5,1,15.4478893280029
2026,5,2,6.36052131652832
2026,5,3,24.3786487579346
2026,5,4,9.82061958312988
2026,5,5,35.9690551757813
2026,5,6,107.823829650879
2026,5,7,3.05261969566345
2026,5,8,2.05475425720215
2026,5,9,0.611092567443848
2026,5,10,0.744965553283691
2026,5,11,1.22847080230713
2026,5,12,0.00618908647447824
2026,6,1,4.6596941947937
2026,6,2,1.77737879753113
2026,6,3,14.1245136260986
2026,6,4,5.82290744781494
2026,6,5,30.4028739929199
2026,6,6,30.8313732147217
2026,6,7,6.89981317520142
2026,6,8,0.981719791889191
2026,6,9,0.586677432060242
2026,6,10,0.721045553684235
2026,6,11,0.279184848070145
2026,6,12,0.00139972928445786
2026,7,1,1.78044092655182
2026,7,2,0.172504752874374
2026,7,3,9.39180278778076
2026,7,4,5.60643768310547
2026,7,5,9.63371562957764
2026,7,6,7.1024317741394
2026,7,7,14.650333404541
2026,7,8,1.24595212936401
2026,7,9,0.710772216320038
2026,7,10,0.22579367458820301
2026,7,11,0.0983393713831902
2026,7,12,5.47286181244999e-4
2026,8,1,1.15573966503143
2026,8,2,0.0840893164277077
2026,8,3,10.3802328109741
2026,8,4,7.06670808792114
2026,8,5,5.94492626190186
2026,8,6,3.80133962631226
2026,8,7,61.5464019775391
2026,8,8,2.32688355445862
2026,8,9,0.689553797245026
2026,8,10,0.328049570322037
2026,8,11,3.22450685501099
2026,8,12,5.34344115294516e-4
2027,1,1,98.1121444702148
2027,1,2,0.686457395553589
2027,1,3,1.8795827627182
2027,1,4,0.935319662094116
2027,1,5,3.94357633590698
2027,1,6,6.70901584625244
2027,1,7,0
2027,1,8,0
2027,1,9,0.00806686468422413
2027,1,10,0.013945123180747
2027,1,11,0.00345062324777246
2027,1,12,1.31596232222364e-6
2027,2,1,85.1660690307617
2027,2,2,6.79670906066895
2027,2,3,5.55607414245605
2027,2,4,2.41942310333252
2027,2,5,4.06471157073975
2027,2,6,26.3595428466797
2027,2,7,0
2027,2,8,2.2829562658444e-4
2027,2,9,0.0418912135064602
2027,2,10,0.216153874993324
2027,2,11,0.0713977292180061
2027,2,12,5.2340496040415e-5
2027,3,1,44.8520011901855
2027,3,2,11.3296051025391
2027,3,3,9.22134971618652
2027,3,4,4.78551959991455
2027,3,5,13.0003070831299
2027,3,6,115.681503295898
2027,3,7,0.874112844467163
2027,3,8,0.0112499417737126
2027,3,9,0.146568134427071
2027,3,10,4.1150016784668
2027,3,11,0.704117655754089
2027,3,12,0.0011824001558125
2027,4,1,11.6979522705078
2027,4,2,8.08298110961914
2027,4,3,14.7344083786011
2027,4,4,6.47469663619995
2027,4,5,18.3476181030273
2027,4,6,133.72004699707
2027,4,7,0.23387037217617
2027,4,8,0.625873446464539
2027,4,9,0.258556574583054
2027,4,10,1.30979681015015
2027,4,11,1.22514939308167
2027,4,12,0.00431255297735333
2027,5,1,15.4478893280029
2027,5,2,6.36052131652832
2027,5,3,24.2269153594971
2027,5,4,9.81196212768555
2027,5,5,35.9690551757813
2027,5,6,107.686729431152
2027,5,7,3.05261969566345
2027,5,8,2.35224294662476
2027,5,9,0.611092567443848
2027,5,10,0.744965553283691
2027,5,11,1.22847080230713
2027,5,12,0.00618908647447824
2027,6,1,4.6596941947937
2027,6,2,1.77737879753113
2027,6,3,13.9901361465454
2027,6,4,5.76750993728638
2027,6,5,30.4028739929199
2027,6,6,30.861234664917
2027,6,7,6.91212368011475
2027,6,8,1.0862352848053
2027,6,9,0.629764497280121
2027,6,10,0.721045553684235
2027,6,11,0.279184848070145
2027,6,12,0.00139972928445786
2027,7,1,1.78044092655182
2027,7,2,0.172504752874374
2027,7,3,9.16614151000977
2027,7,4,5.59318780899048
2027,7,5,9.63371562957764
2027,7,6,7.18965005874634
2027,7,7,14.650333404541
2027,7,8,1.39764523506165
2027,7,9,0.710772216320038
2027,7,10,0.22579367458820301
2027,7,11,0.0983393713831902
2027,7,12,5.47286181244999e-4
2027,8,1,1.15573966503143
2027,8,2,0.0840893164277077
2027,8,3,10.2215824127197
2027,8,4,6.95870161056519
2027,8,5,5.94492626190186
2027,8,6,3.80133962631226
2027,8,7,61.5464019775391
2027,8,8,2.62063646316528
2027,8,9,0.689553797245026
2027,8,10,0.328049570322037
2027,8,11,3.19741010665894
2027,8,12,5.34344115294516e-4
2028,1,1,96.4681854248047
2028,1,2,0.686803042888641
2028,1,3,2.09882235527039
2028,1,4,1.04424822330475
2028,1,5,4.49167490005493
2028,1,6,7.47645711898804
2028,1,7,0
2028,1,8,0
2028,1,9,0.00806686468422413
2028,1,10,0.0138424783945084
2028,1,11,0.00345062324777246
2028,1,12,1.31596232222364e-6
2028,2,1,82.200080871582
2028,2,2,7.29213333129883
2028,2,3,6.04520225524902
2028,2,4,2.61931180953979
2028,2,5,4.50418519973755
2028,2,6,27.7081623077393
2028,2,7,0
2028,2,8,2.2829562658444e-4
2028,2,9,0.0418912135064602
2028,2,10,0.209603771567345
2028,2,11,0.0713977292180061
2028,2,12,5.2340496040415e-5
2028,3,1,43.0704078674316
2028,3,2,11.7317447662354
2028,3,3,9.00268363952637
2028,3,4,4.77356719970703
2028,3,5,13.6024017333984
2028,3,6,116.1259765625
2028,3,7,0.988759279251099
2028,3,8,0.0112499417737126
2028,3,9,0.146568134427071
2028,3,10,4.56385707855225
2028,3,11,0.704117655754089
2028,3,12,0.0011824001558125
2028,4,1,10.9541521072388
2028,4,2,8.16394901275635
2028,4,3,14.5535335540771
2028,4,4,6.43499040603638
2028,4,5,18.7674751281738
2028,4,6,134.056671142578
2028,4,7,0.23387037217617
2028,4,8,0.705188930034637
2028,4,9,0.2554751932621
2028,4,10,1.36051058769226
2028,4,11,1.22514939308167
2028,4,12,0.00431255297735333
2028,5,1,15.4478893280029
2028,5,2,6.36052131652832
2028,5,3,24.0751800537109
2028,5,4,9.80330562591553
2028,5,5,35.9690551757813
2028,5,6,107.549629211426
2028,5,7,3.05261969566345
2028,5,8,2.64973163604736
2028,5,9,0.611092567443848
2028,5,10,0.744965553283691
2028,5,11,1.22847080230713
2028,5,12,0.00618908647447824
2028,6,1,4.6596941947937
2028,6,2,1.77737879753113
2028,6,3,13.8557596206665
2028,6,4,5.71211194992065
2028,6,5,30.4028739929199
2028,6,6,30.8910961151123
2028,6,7,6.92443418502808
2028,6,8,1.19075071811676
2028,6,9,0.6728515625
2028,6,10,0.721045553684235
2028,6,11,0.279184848070145
2028,6,12,0.00139972928445786
2028,7,1,1.78044092655182
2028,7,2,0.172504752874374
2028,7,3,8.94048023223877
2028,7,4,5.57993698120117
2028,7,5,9.63371562957764
2028,7,6,7.27686882019043
2028,7,7,14.650333404541
2028,7,8,1.54933822154999
2028,7,9,0.710772216320038
2028,7,10,0.22579367458820301
2028,7,11,0.0983393713831902
2028,7,12,5.47286181244999e-4
2028,8,1,1.15573966503143
2028,8,2,0.0840893164277077
2028,8,3,10.0629329681396
2028,8,4,6.85069561004639
2028,8,5,5.94492626190186
2028,8,6,3.80133962631226
2028,8,7,61.5464019775391
2028,8,8,2.91438961029053
2028,8,9,0.689553797245026
2028,8,10,0.328049570322037
2028,8,11,3.17031335830688
2028,8,12,5.34344115294516e-4
2029,1,1,94.8242416381836
2029,1,2,0.687148690223694
2029,1,3,2.31806182861328
2029,1,4,1.15317666530609
2029,1,5,5.0397744178772
2029,1,6,8.24389839172363
2029,1,7,0
2029,1,8,0
2029,1,9,0.00806686468422413
2029,1,10,0.0137398326769471
2029,1,11,0.00345062324777246
2029,1,12,1.31596232222364e-6
2029,2,1,79.2341003417969
2029,2,2,7.78755712509155
2029,2,3,6.53433132171631
2029,2,4,2.81920051574707
2029,2,5,4.94365882873535
2029,2,6,29.0567798614502
2029,2,7,0
2029,2,8,2.2829562658444e-4
2029,2,9,0.0418912135064602
2029,2,10,0.203053638339043
2029,2,11,0.0713977292180061
2029,2,12,5.2340496040415e-5
2029,3,1,41.2888107299805
2029,3,2,12.1338834762573
2029,3,3,8.78401756286621
2029,3,4,4.76161432266235
2029,3,5,14.2044973373413
2029,3,6,116.570457458496
2029,3,7,1.10340547561646
2029,3,8,0.0112499417737126
2029,3,9,0.146568134427071
2029,3,10,5.01271200180054
2029,3,11,0.704117655754089
2029,3,12,0.0011824001558125
2029,4,1,10.2103519439697
2029,4,2,8.24491596221924
2029,4,3,14.3726606369019
2029,4,4,6.39528369903564
2029,4,5,19.1873302459717
2029,4,6,134.393280029297
2029,4,7,0.23387037217617
2029,4,8,0.784504354000092
2029,4,9,0.252393811941147
2029,4,10,1.41122424602509
2029,4,11,1.22514939308167
2029,4,12,0.00431255297735333
2029,5,1,15.4478893280029
2029,5,2,6.36052131652832
2029,5,3,23.9234447479248
2029,5,4,9.79464817047119
2029,5,5,35.9690551757813
2029,5,6,107.412536621094
2029,5,7,3.05261969566345
2029,5,8,2.94722008705139
2029,5,9,0.611092567443848
2029,5,10,0.744965553283691
2029,5,11,1.22847080230713
2029,5,12,0.00618908647447824
2029,6,1,4.6596941947937
2029,6,2,1.77737879753113
2029,6,3,13.7213830947876
2029,6,4,5.65671491622925
2029,6,5,30.4028739929199
2029,6,6,30.9209575653076
2029,6,7,6.93674516677856
2029,6,8,1.29526615142822
2029,6,9,0.715938627719879
2029,6,10,0.721045553684235
2029,6,11,0.279184848070145
2029,6,12,0.00139972928445786
2029,7,1,1.78044092655182
2029,7,2,0.172504752874374
2029,7,3,8.71481895446777
2029,7,4,5.56668710708618
2029,7,5,9.63371562957764
2029,7,6,7.36408710479736
2029,7,7,14.650333404541
2029,7,8,1.70103120803833
2029,7,9,0.710772216320038
2029,7,10,0.22579367458820301
2029,7,11,0.0983393713831902
2029,7,12,5.47286181244999e-4
2029,8,1,1.15573966503143
2029,8,2,0.0840893164277077
2029,8,3,9.90428256988525
2029,8,4,6.74268913269043
2029,8,5,5.94492626190186
2029,8,6,3.80133962631226
2029,8,7,61.5464019775391
2029,8,8,3.20814251899719
2029,8,9,0.689553797245026
2029,8,10,0.328049570322037
2029,8,11,3.14321660995483
2029,8,12,5.34344115294516e-4
2030,1,1,93.180290222168
2030,1,2,0.687494337558746
2030,1,3,2.53730130195618
2030,1,4,1.26210510730743
2030,1,5,5.5878734588623
2030,1,6,9.01134014129639
2030,1,7,0
2030,1,8,0
2030,1,9,0.00806686468422413
2030,1,10,0.0136371869593859
2030,1,11,0.00345062324777246
2030,1,12,1.31596232222364e-6
2030,2,1,76.2681198120117
2030,2,2,8.28298091888428
2030,2,3,7.02345943450928
2030,2,4,3.01908922195435
2030,2,5,5.38313245773315
2030,2,6,30.4053974151611
2030,2,7,0
2030,2,8,2.2829562658444e-4
2030,2,9,0.0418912135064602
2030,2,10,0.196503520011902
2030,2,11,0.0713977292180061
2030,2,12,5.2340496040415e-5
2030,3,1,39.5072174072266
2030,3,2,12.5360231399536
2030,3,3,8.56535148620605
2030,3,4,4.74966192245483
2030,3,5,14.8065919876099
2030,3,6,117.014930725098
2030,3,7,1.2180517911911
2030,3,8,0.0112499417737126
2030,3,9,0.146568134427071
2030,3,10,5.46156692504883
2030,3,11,0.704117655754089
2030,3,12,0.0011824001558125
2030,4,1,9.46655178070068
2030,4,2,8.32588386535645
2030,4,3,14.1917867660522
2030,4,4,6.35557746887207
2030,4,5,19.6071872711182
2030,4,6,134.729888916016
2030,4,7,0.23387037217617
2030,4,8,0.863819777965546
2030,4,9,0.249312400817871
2030,4,10,1.46193790435791
2030,4,11,1.22514939308167
2030,4,12,0.00431255297735333
2030,5,1,15.4478893280029
2030,5,2,6.36052131652832
2030,5,3,23.7717113494873
2030,5,4,9.78599071502686
2030,5,5,35.9690551757813
2030,5,6,107.275436401367
2030,5,7,3.05261969566345
2030,5,8,3.24470853805542
2030,5,9,0.611092567443848
2030,5,10,0.744965553283691
2030,5,11,1.22847080230713
2030,5,12,0.00618908647447824
2030,6,1,4.6596941947937
2030,6,2,1.77737879753113
2030,6,3,13.5870065689087
2030,6,4,5.60131740570068
2030,6,5,30.4028739929199
2030,6,6,30.9508209228516
2030,6,7,6.94905567169189
2030,6,8,1.39978158473969
2030,6,9,0.759025692939758
2030,6,10,0.721045553684235
2030,6,11,0.279184848070145
2030,6,12,0.00139972928445786
2030,7,1,1.78044092655182
2030,7,2,0.172504752874374
2030,7,3,8.48915767669678
2030,7,4,5.55343675613403
2030,7,5,9.63371562957764
2030,7,6,7.4513053894043
2030,7,7,14.650333404541
2030,7,8,1.85272419452667
2030,7,9,0.710772216320038
2030,7,10,0.22579367458820301
2030,7,11,0.0983393713831902
2030,7,12,5.47286181244999e-4
2030,8,1,1.15573966503143
2030,8,2,0.0840893164277077
2030,8,3,9.74563312530518
2030,8,4,6.63468265533447
2030,8,5,5.94492626190186
2030,8,6,3.80133962631226
2030,8,7,61.5464019775391
2030,8,8,3.50189542770386
2030,8,9,0.689553797245026
2030,8,10,0.328049570322037
2030,8,11,3.11611986160278
2030,8,12,5.34344115294516e-4
2031,1,1,92.5229110717773
2031,1,2,0.742477059364319
2031,1,3,2.53730130195618
2031,1,4,1.31639659404755
2031,1,5,5.69749307632446
2031,1,6,9.17255973815918
2031,1,7,0
2031,1,8,0
2031,1,9,0.00806686468422413
2031,1,10,0.013468555174768
2031,1,11,0.00345062324777246
2031,1,12,0.277429789304733
2031,2,1,74.5732727050781
2031,2,2,8.54149150848389
2031,2,3,7.5339093208313
2031,2,4,3.17756295204163
2031,2,5,5.80781888961792
2031,2,6,30.4102210998535
2031,2,7,0
2031,2,8,2.2829562658444e-4
2031,2,9,0.0418912135064602
2031,2,10,0.193228468298912
2031,2,11,0.0713977292180061
2031,2,12,0.341229945421219
2031,3,1,38.9364204406738
2031,3,2,12.5070009231567
2031,3,3,8.63877201080322
2031,3,4,4.74910831451416
2031,3,5,15.0389909744263
2031,3,6,116.856086730957
2031,3,7,1.27537500858307
2031,3,8,0.0112499417737126
2031,3,9,0.146568134427071
2031,3,10,5.42560768127441
2031,3,11,0.704117655754089
2031,3,12,0.433215379714966
2031,4,1,9.31441020965576
2031,4,2,8.29476070404053
2031,4,3,13.9568929672241
2031,4,4,6.31506156921387
2031,4,5,19.7088260650635
2031,4,6,133.569473266602
2031,4,7,0.23387037217617
2031,4,8,0.966836392879486
2031,4,9,0.247631654143333
2031,4,10,1.45477688312531
2031,4,11,1.22514939308167
2031,4,12,1.42759597301483
2031,5,1,15.4478893280029
2031,5,2,6.36052131652832
2031,5,3,23.6705551147461
2031,5,4,9.83873271942139
2031,5,5,35.9690551757813
2031,5,6,107.098854064941
2031,5,7,3.05261969566345
2031,5,8,3.46970963478088
2031,5,9,0.611092567443848
2031,5,10,0.744965553283691
2031,5,11,1.22847080230713
2031,5,12,0.00618908647447824
2031,6,1,4.6596941947937
2031,6,2,1.77737879753113
2031,6,3,13.5123519897461
2031,6,4,5.58854913711548
2031,6,5,30.4028739929199
2031,6,6,30.973217010498
2031,6,7,6.95521068572998
2031,6,8,1.43710839748383
2031,6,9,0.780569195747375
2031,6,10,0.721045553684235
2031,6,11,0.279184848070145
2031,6,12,0.00139972928445786
2031,7,1,1.78044092655182
2031,7,2,0.172504752874374
2031,7,3,8.48915767669678
2031,7,4,5.54775094985962
2031,7,5,9.63371562957764
2031,7,6,7.44340229034424
2031,7,7,14.650333404541
2031,7,8,1.86631298065186
2031,7,9,0.710772216320038
2031,7,10,0.22579367458820301
2031,7,11,0.0983393713831902
2031,7,12,5.47286181244999e-4
2031,8,1,1.15573966503143
2031,8,2,0.0840893164277077
2031,8,3,9.71163654327393
2031,8,4,6.6038236618042
2031,8,5,5.94492626190186
2031,8,6,3.80133962631226
2031,8,7,61.5464019775391
2031,8,8,3.59046053886414
2031,8,9,0.689553797245026
2031,8,10,0.328049570322037
2031,8,11,3.09241032600403
2031,8,12,5.34344115294516e-4
2032,1,1,91.8655471801758
2032,1,2,0.797459781169891
2032,1,3,2.53730130195618
2032,1,4,1.37068808078766
2032,1,5,5.80711317062378
2032,1,6,9.33377838134766
2032,1,7,0
2032,1,8,0
2032,1,9,0.00806686468422413
2032,1,10,0.0132999233901501
2032,1,11,0.00345062324777246
2032,1,12,0.554858267307281
2032,2,1,72.8784255981445
2032,2,2,8.80000114440918
2032,2,3,8.04435920715332
2032,2,4,3.33603668212891
2032,2,5,6.23250484466553
2032,2,6,30.4150466918945
2032,2,7,0
2032,2,8,2.2829562658444e-4
2032,2,9,0.0418912135064602
2032,2,10,0.189953416585922
2032,2,11,0.0713977292180061
2032,2,12,0.68240749835968
2032,3,1,38.3656234741211
2032,3,2,12.4779787063599
2032,3,3,8.71219158172607
2032,3,4,4.74855470657349
2032,3,5,15.2713899612427
2032,3,6,116.697250366211
2032,3,7,1.33269810676575
2032,3,8,0.0112499417737126
2032,3,9,0.146568134427071
2032,3,10,5.3896484375
2032,3,11,0.704117655754089
2032,3,12,0.865248322486877
2032,4,1,9.16226959228516
2032,4,2,8.26363849639893
2032,4,3,13.7219982147217
2032,4,4,6.27454566955566
2032,4,5,19.8104648590088
2032,4,6,132.409042358398
2032,4,7,0.23387037217617
2032,4,8,1.06985294818878
2032,4,9,0.245950907468796
2032,4,10,1.4476158618927
2032,4,11,1.22514939308167
2032,4,12,2.85087943077087
2032,5,1,15.4478893280029
2032,5,2,6.36052131652832
2032,5,3,23.5693988800049
2032,5,4,9.89147567749023
2032,5,5,35.9690551757813
2032,5,6,106.922264099121
2032,5,7,3.05261969566345
2032,5,8,3.69471096992493
2032,5,9,0.611092567443848
2032,5,10,0.744965553283691
2032,5,11,1.22847080230713
2032,5,12,0.00618908647447824
2032,6,1,4.6596941947937
2032,6,2,1.77737879753113
2032,6,3,13.4376974105835
2032,6,4,5.57578086853027
2032,6,5,30.4028739929199
2032,6,6,30.9956130981445
2032,6,7,6.96136617660522
2032,6,8,1.47443544864655
2032,6,9,0.802112698554993
2032,6,10,0.721045553684235
2032,6,11,0.279184848070145
2032,6,12,0.00139972928445786
2032,7,1,1.78044092655182
2032,7,2,0.172504752874374
2032,7,3,8.48915767669678
2032,7,4,5.54206466674805
2032,7,5,9.63371562957764
2032,7,6,7.43549966812134
2032,7,7,14.650333404541
2032,7,8,1.87990164756775
2032,7,9,0.710772216320038
2032,7,10,0.22579367458820301
2032,7,11,0.0983393713831902
2032,7,12,5.47286181244999e-4
2032,8,1,1.15573966503143
2032,8,2,0.0840893164277077
2032,8,3,9.67763996124268
2032,8,4,6.57296419143677
2032,8,5,5.94492626190186
2032,8,6,3.80133962631226
2032,8,7,61.5464019775391
2032,8,8,3.67902565002441
2032,8,9,0.689553797245026
2032,8,10,0.328049570322037
2032,8,11,3.06870079040527
2032,8,12,5.34344115294516e-4
2033,1,1,91.2081756591797
2033,1,2,0.852442502975464
2033,1,3,2.53730130195618
2033,1,4,1.42497956752777
2033,1,5,5.91673278808594
2033,1,6,9.49499797821045
2033,1,7,0
2033,1,8,0
2033,1,9,0.00806686468422413
2033,1,10,0.0131312916055322
2033,1,11,0.00345062324777246
2033,1,12,0.832286775112152
2033,2,1,71.1835784912109
2033,2,2,9.05851173400879
2033,2,3,8.5548095703125
2033,2,4,3.49450993537903
2033,2,5,6.65719079971313
2033,2,6,30.4198722839355
2033,2,7,0
2033,2,8,2.2829562658444e-4
2033,2,9,0.0418912135064602
2033,2,10,0.186678349971771
2033,2,11,0.0713977292180061
2033,2,12,1.02358508110046
2033,3,1,37.7948226928711
2033,3,2,12.448956489563
2033,3,3,8.78561115264893
2033,3,4,4.74800109863281
2033,3,5,15.5037879943848
2033,3,6,116.53840637207
2033,3,7,1.39002132415771
2033,3,8,0.0112499417737126
2033,3,9,0.146568134427071
2033,3,10,5.35368967056274
2033,3,11,0.704117655754089
2033,3,12,1.29728138446808
2033,4,1,9.01012802124023
2033,4,2,8.23251533508301
2033,4,3,13.4871044158936
2033,4,4,6.23402976989746
2033,4,5,19.9121055603027
2033,4,6,131.248611450195
2033,4,7,0.23387037217617
2033,4,8,1.17286956310272
2033,4,9,0.244270130991936
2033,4,10,1.44045495986938
2033,4,11,1.22514939308167
2033,4,12,4.27416276931763
2033,5,1,15.4478893280029
2033,5,2,6.36052131652832
2033,5,3,23.4682426452637
2033,5,4,9.94421863555908
2033,5,5,35.9690551757813
2033,5,6,106.745674133301
2033,5,7,3.05261969566345
2033,5,8,3.91971206665039
2033,5,9,0.611092567443848
2033,5,10,0.744965553283691
2033,5,11,1.22847080230713
2033,5,12,0.00618908647447824
2033,6,1,4.6596941947937
2033,6,2,1.77737879753113
2033,6,3,13.3630437850952
2033,6,4,5.56301259994507
2033,6,5,30.4028739929199
2033,6,6,31.018009185791
2033,6,7,6.96752119064331
2033,6,8,1.51176238059998
2033,6,9,0.823656260967255
2033,6,10,0.721045553684235
2033,6,11,0.279184848070145
2033,6,12,0.00139972928445786
2033,7,1,1.78044092655182
2033,7,2,0.172504752874374
2033,7,3,8.48915767669678
2033,7,4,5.53637886047363
2033,7,5,9.63371562957764
2033,7,6,7.42759704589844
2033,7,7,14.650333404541
2033,7,8,1.89349043369293
2033,7,9,0.710772216320038
2033,7,10,0.22579367458820301
2033,7,11,0.0983393713831902
2033,7,12,5.47286181244999e-4
2033,8,1,1.15573966503143
2033,8,2,0.0840893164277077
2033,8,3,9.64364433288574
2033,8,4,6.54210519790649
2033,8,5,5.94492626190186
2033,8,6,3.80133962631226
2033,8,7,61.5464019775391
2033,8,8,3.76759052276611
2033,8,9,0.689553797245026
2033,8,10,0.328049570322037
2033,8,11,3.04499101638794
2033,8,12,5.34344115294516e-4
2034,1,1,90.5507965087891
2034,1,2,0.907425224781036
2034,1,3,2.53730130195618
2034,1,4,1.47927105426788
2034,1,5,6.0263524055481
2034,1,6,9.65621757507324
2034,1,7,0
2034,1,8,0
2034,1,9,0.00806686468422413
2034,1,10,0.0129626598209143
2034,1,11,0.00345062324777246
2034,1,12,1.10971522331238
2034,2,1,69.4887313842773
2034,2,2,9.31702136993408
2034,2,3,9.06525993347168
2034,2,4,3.65298390388489
2034,2,5,7.0818772315979
2034,2,6,30.4246959686279
2034,2,7,0
2034,2,8,2.2829562658444e-4
2034,2,9,0.0418912135064602
2034,2,10,0.18340328335762
2034,2,11,0.0713977292180061
2034,2,12,1.36476266384125
2034,3,1,37.2240257263184
2034,3,2,12.4199342727661
2034,3,3,8.85903072357178
2034,3,4,4.7474479675293
2034,3,5,15.7361860275269
2034,3,6,116.37956237793
2034,3,7,1.44734454154968
2034,3,8,0.0112499417737126
2034,3,9,0.146568134427071
2034,3,10,5.31773042678833
2034,3,11,0.704117655754089
2034,3,12,1.7293142080307
2034,4,1,8.85798740386963
2034,4,2,8.20139312744141
2034,4,3,13.2522115707397
2034,4,4,6.19351434707642
2034,4,5,20.013744354248
2034,4,6,130.088180541992
2034,4,7,0.23387037217617
2034,4,8,1.27588605880737
2034,4,9,0.242589384317398
2034,4,10,1.43329381942749
2034,4,11,1.22514939308167
2034,4,12,5.69744634628296
2034,5,1,15.4478893280029
2034,5,2,6.36052131652832
2034,5,3,23.3670864105225
2034,5,4,9.99696063995361
2034,5,5,35.9690551757813
2034,5,6,106.569091796875
2034,5,7,3.05261969566345
2034,5,8,4.14471292495728
2034,5,9,0.611092567443848
2034,5,10,0.744965553283691
2034,5,11,1.22847080230713
2034,5,12,0.00618908647447824
2034,6,1,4.6596941947937
2034,6,2,1.77737879753113
2034,6,3,13.2883901596069
2034,6,4,5.55024480819702
2034,6,5,30.4028739929199
2034,6,6,31.0404052734375
2034,6,7,6.97367668151855
2034,6,8,1.54908931255341
2034,6,9,0.845199823379517
2034,6,10,0.721045553684235
2034,6,11,0.279184848070145
2034,6,12,0.00139972928445786
2034,7,1,1.78044092655182
2034,7,2,0.172504752874374
2034,7,3,8.48915767669678
2034,7,4,5.53069305419922
2034,7,5,9.63371562957764
2034,7,6,7.41969394683838
2034,7,7,14.650333404541
2034,7,8,1.90707910060883
2034,7,9,0.710772216320038
2034,7,10,0.22579367458820301
2034,7,11,0.0983393713831902
2034,7,12,5.47286181244999e-4
2034,8,1,1.15573966503143
2034,8,2,0.0840893164277077
2034,8,3,9.60964775085449
2034,8,4,6.51124620437622
2034,8,5,5.94492626190186
2034,8,6,3.80133962631226
2034,8,7,61.5464019775391
2034,8,8,3.85615539550781
2034,8,9,0.689553797245026
2034,8,10,0.328049570322037
2034,8,11,3.02128148078918
2034,8,12,5.34344115294516e-4
2035,1,1,89.893424987793
2035,1,2,0.962407886981964
2035,1,3,2.53730130195618
2035,1,4,1.533562541008
2035,1,5,6.13597202301025
2035,1,6,9.81743621826172
2035,1,7,0
2035,1,8,0
2035,1,9,0.00806686468422413
2035,1,10,0.0127940280362964
2035,1,11,0.00345062324777246
2035,1,12,1.38714385032654
2035,2,1,67.7938766479492
2035,2,2,9.57553195953369
2035,2,3,9.57571029663086
2035,2,4,3.81145715713501
2035,2,5,7.50656270980835
2035,2,6,30.4295215606689
2035,2,7,0
2035,2,8,2.2829562658444e-4
2035,2,9,0.0418912135064602
2035,2,10,0.18012823164463
2035,2,11,0.0713977292180061
2035,2,12,1.70594036579132
2035,3,1,36.6532325744629
2035,3,2,12.3909120559692
2035,3,3,8.93245124816895
2035,3,4,4.74689388275146
2035,3,5,15.9685850143433
2035,3,6,116.220718383789
2035,3,7,1.50466763973236
2035,3,8,0.0112499417737126
2035,3,9,0.146568134427071
2035,3,10,5.28177118301392
2035,3,11,0.704117655754089
2035,3,12,2.16134738922119
2035,4,1,8.70584583282471
2035,4,2,8.17026996612549
2035,4,3,13.0173177719116
2035,4,4,6.15299844741821
2035,4,5,20.115385055542
2035,4,6,128.927764892578
2035,4,7,0.23387037217617
2035,4,8,1.37890267372131
2035,4,9,0.240908622741699
2035,4,10,1.42613291740417
2035,4,11,1.22514939308167
2035,4,12,7.12072944641113
2035,5,1,15.4478893280029
2035,5,2,6.36052131652832
2035,5,3,23.2659301757813
2035,5,4,10.0497026443481
2035,5,5,35.9690551757813
2035,5,6,106.392501831055
2035,5,7,3.05261969566345
2035,5,8,4.36971426010132
2035,5,9,0.611092567443848
2035,5,10,0.744965553283691
2035,5,11,1.22847080230713
2035,5,12,0.00618908647447824
2035,6,1,4.6596941947937
2035,6,2,1.77737879753113
2035,6,3,13.2137365341187
2035,6,4,5.53747701644897
2035,6,5,30.4028739929199
2035,6,6,31.062801361084
2035,6,7,6.9798321723938
2035,6,8,1.58641624450684
2035,6,9,0.866743326187134
2035,6,10,0.721045553684235
2035,6,11,0.279184848070145
2035,6,12,0.00139972928445786
2035,7,1,1.78044092655182
2035,7,2,0.172504752874374
2035,7,3,8.48915767669678
2035,7,4,5.5250072479248
2035,7,5,9.63371562957764
2035,7,6,7.41179132461548
2035,7,7,14.650333404541
2035,7,8,1.92066788673401
2035,7,9,0.710772216320038
2035,7,10,0.22579367458820301
2035,7,11,0.0983393713831902
2035,7,12,5.47286181244999e-4
2035,8,1,1.15573966503143
2035,8,2,0.0840893164277077
2035,8,3,9.57565116882324
2035,8,4,6.48038721084595
2035,8,5,5.94492626190186
2035,8,6,3.80133962631226
2035,8,7,61.5464019775391
2035,8,8,3.94472050666809
2035,8,9,0.689553797245026
2035,8,10,0.328049570322037
2035,8,11,2.99757194519043
2035,8,12,5.34344115294516e-4
2036,1,1,89.2360534667969
2036,1,2,1.01739060878754
2036,1,3,2.53730130195618
2036,1,4,1.58785390853882
2036,1,5,6.24559211730957
2036,1,6,9.97865581512451
2036,1,7,0
2036,1,8,0
2036,1,9,0.00806686468422413
2036,1,10,0.0126253962516785
2036,1,11,0.00345062324777246
2036,1,12,1.66457211971283
2036,2,1,66.0990371704102
2036,2,2,9.83404159545898
2036,2,3,10.0861597061157
2036,2,4,3.96993064880371
2036,2,5,7.93124914169312
2036,2,6,30.4343452453613
2036,2,7,0
2036,2,8,2.2829562658444e-4
2036,2,9,0.0418912135064602
2036,2,10,0.176853179931641
2036,2,11,0.0713977292180061
2036,2,12,2.0471179485321
2036,3,1,36.0824356079102
2036,3,2,12.3618907928467
2036,3,3,9.0058708190918
2036,3,4,4.74634075164795
2036,3,5,16.2009830474854
2036,3,6,116.061874389648
2036,3,7,1.56199085712433
2036,3,8,0.0112499417737126
2036,3,9,0.146568134427071
2036,3,10,5.2458119392395
2036,3,11,0.704117655754089
2036,3,12,2.59338021278381
2036,4,1,8.5537052154541
2036,4,2,8.13914680480957
2036,4,3,12.7824239730835
2036,4,4,6.11248254776001
2036,4,5,20.2170238494873
2036,4,6,127.767333984375
2036,4,7,0.23387037217617
2036,4,8,1.48191928863525
2036,4,9,0.239227861166
2036,4,10,1.41897177696228
2036,4,11,1.22514939308167
2036,4,12,8.54401302337646
2036,5,1,15.4478893280029
2036,5,2,6.36052131652832
2036,5,3,23.16477394104
2036,5,4,10.1024446487427
2036,5,5,35.9690551757813
2036,5,6,106.215911865234
2036,5,7,3.05261969566345
2036,5,8,4.5947151184082
2036,5,9,0.611092567443848
2036,5,10,0.744965553283691
2036,5,11,1.22847080230713
2036,5,12,0.00618908647447824
2036,6,1,4.6596941947937
2036,6,2,1.77737879753113
2036,6,3,13.1390829086304
2036,6,4,5.52470922470093
2036,6,5,30.4028739929199
2036,6,6,31.0851974487305
2036,6,7,6.98598718643188
2036,6,8,1.62374317646027
2036,6,9,0.888286828994751
2036,6,10,0.721045553684235
2036,6,11,0.279184848070145
2036,6,12,0.00139972928445786
2036,7,1,1.78044092655182
2036,7,2,0.172504752874374
2036,7,3,8.48915767669678
2036,7,4,5.51932096481323
2036,7,5,9.63371562957764
2036,7,6,7.40388870239258
2036,7,7,14.650333404541
2036,7,8,1.9342565536499
2036,7,9,0.710772216320038
2036,7,10,0.22579367458820301
2036,7,11,0.0983393713831902
2036,7,12,5.47286181244999e-4
2036,8,1,1.15573966503143
2036,8,2,0.0840893164277077
2036,8,3,9.54165458679199
2036,8,4,6.44952869415283
2036,8,5,5.94492626190186
2036,8,6,3.80133962631226
2036,8,7,61.5464019775391
2036,8,8,4.03328561782837
2036,8,9,0.689553797245026
2036,8,10,0.328049570322037
2036,8,11,2.97386240959167
2036,8,12,5.34344115294516e-4
2037,1,1,88.5786819458008
2037,1,2,1.07237339019775
2037,1,3,2.53730130195618
2037,1,4,1.64214527606964
2037,1,5,6.35521173477173
2037,1,6,10.1398754119873
2037,1,7,0
2037,1,8,0
2037,1,9,0.00806686468422413
2037,1,10,0.0124567644670606
2037,1,11,0.00345062324777246
2037,1,12,1.94200074672699
2037,2,1,64.404182434082
2037,2,2,10.0925521850586
2037,2,3,10.5966100692749
2037,2,4,4.12840461730957
2037,2,5,8.35593509674072
2037,2,6,30.4391689300537
2037,2,7,0
2037,2,8,2.2829562658444e-4
2037,2,9,0.0418912135064602
2037,2,10,0.173578128218651
2037,2,11,0.0713977292180061
2037,2,12,2.38829565048218
2037,3,1,35.5116386413574
2037,3,2,12.3328685760498
2037,3,3,9.07929134368896
2037,3,4,4.74578714370728
2037,3,5,16.4333820343018
2037,3,6,115.903038024902
2037,3,7,1.6193140745163
2037,3,8,0.0112499417737126
2037,3,9,0.146568134427071
2037,3,10,5.20985221862793
2037,3,11,0.704117655754089
2037,3,12,3.02541327476501
2037,4,1,8.4015645980835
2037,4,2,8.10802459716797
2037,4,3,12.5475301742554
2037,4,4,6.07196664810181
2037,4,5,20.3186645507813
2037,4,6,126.606910705566
2037,4,7,0.23387037217617
2037,4,8,1.58493590354919
2037,4,9,0.237547099590302
2037,4,10,1.41181087493896
2037,4,11,1.22514939308167
2037,4,12,9.9672966003418
2037,5,1,15.4478893280029
2037,5,2,6.36052131652832
2037,5,3,23.0636177062988
2037,5,4,10.1551885604858
2037,5,5,35.9690551757813
2037,5,6,106.039329528809
2037,5,7,3.05261969566345
2037,5,8,4.81971645355225
2037,5,9,0.611092567443848
2037,5,10,0.744965553283691
2037,5,11,1.22847080230713
2037,5,12,0.00618908647447824
2037,6,1,4.6596941947937
2037,6,2,1.77737879753113
2037,6,3,13.0644283294678
2037,6,4,5.51194095611572
2037,6,5,30.4028739929199
2037,6,6,31.107593536377
2037,6,7,6.99214267730713
2037,6,8,1.6610701084137
2037,6,9,0.909830331802368
2037,6,10,0.721045553684235
2037,6,11,0.279184848070145
2037,6,12,0.00139972928445786
2037,7,1,1.78044092655182
2037,7,2,0.172504752874374
2037,7,3,8.48915767669678
2037,7,4,5.51363515853882
2037,7,5,9.63371562957764
2037,7,6,7.39598560333252
2037,7,7,14.650333404541
2037,7,8,1.94784533977509
2037,7,9,0.710772216320038
2037,7,10,0.22579367458820301
2037,7,11,0.0983393713831902
2037,7,12,5.47286181244999e-4
2037,8,1,1.15573966503143
2037,8,2,0.0840893164277077
2037,8,3,9.50765800476074
2037,8,4,6.41866970062256
2037,8,5,5.94492626190186
2037,8,6,3.80133962631226
2037,8,7,61.5464019775391
2037,8,8,4.12185049057007
2037,8,9,0.689553797245026
2037,8,10,0.328049570322037
2037,8,11,2.95015263557434
2037,8,12,5.34344115294516e-4
2038,1,1,87.9213027954102
2038,1,2,1.12735617160797
2038,1,3,2.53730130195618
2038,1,4,1.69643676280975
2038,1,5,6.46483135223389
2038,1,6,10.3010950088501
2038,1,7,0
2038,1,8,0
2038,1,9,0.00806686468422413
2038,1,10,0.0122881326824427
2038,1,11,0.00345062324777246
2038,1,12,2.21942901611328
2038,2,1,62.709342956543
2038,2,2,10.3510618209839
2038,2,3,11.1070604324341
2038,2,4,4.28687810897827
2038,2,5,8.78062057495117
2038,2,6,30.4439945220947
2038,2,7,0
2038,2,8,2.2829562658444e-4
2038,2,9,0.0418912135064602
2038,2,10,0.170303046703339
2038,2,11,0.0713977292180061
2038,2,12,2.72947311401367
2038,3,1,34.9408416748047
2038,3,2,12.3038463592529
2038,3,3,9.15271091461182
2038,3,4,4.7452335357666
2038,3,5,16.6657810211182
2038,3,6,115.744194030762
2038,3,7,1.67663717269897
2038,3,8,0.0112499417737126
2038,3,9,0.146568134427071
2038,3,10,5.17389297485352
2038,3,11,0.704117655754089
2038,3,12,3.45744609832764
2038,4,1,8.24942398071289
2038,4,2,8.07690143585205
2038,4,3,12.3126373291016
2038,4,4,6.0314507484436
2038,4,5,20.4203033447266
2038,4,6,125.446487426758
2038,4,7,0.23387037217617
2038,4,8,1.68795239925385
2038,4,9,0.235866352915764
2038,4,10,1.40464985370636
2038,4,11,1.22514939308167
2038,4,12,11.3905801773071
2038,5,1,15.4478893280029
2038,5,2,6.36052131652832
2038,5,3,22.9624614715576
2038,5,4,10.2079305648804
2038,5,5,35.9690551757813
2038,5,6,105.862739562988
2038,5,7,3.05261969566345
2038,5,8,5.04471731185913
2038,5,9,0.611092567443848
2038,5,10,0.744965553283691
2038,5,11,1.22847080230713
2038,5,12,0.00618908647447824
2038,6,1,4.6596941947937
2038,6,2,1.77737879753113
2038,6,3,12.9897747039795
2038,6,4,5.49917268753052
2038,6,5,30.4028739929199
2038,6,6,31.1299896240234
2038,6,7,6.99829769134521
2038,6,8,1.69839715957642
2038,6,9,0.931373834609985
2038,6,10,0.721045553684235
2038,6,11,0.279184848070145
2038,6,12,0.00139972928445786
2038,7,1,1.78044092655182
2038,7,2,0.172504752874374
2038,7,3,8.48915767669678
2038,7,4,5.5079493522644
2038,7,5,9.63371562957764
2038,7,6,7.38808298110962
2038,7,7,14.650333404541
2038,7,8,1.96143412590027
2038,7,9,0.710772216320038
2038,7,10,0.22579367458820301
2038,7,11,0.0983393713831902
2038,7,12,5.47286181244999e-4
2038,8,1,1.15573966503143
2038,8,2,0.0840893164277077
2038,8,3,9.47366237640381
2038,8,4,6.38781070709229
2038,8,5,5.94492626190186
2038,8,6,3.80133962631226
2038,8,7,61.5464019775391
2038,8,8,4.21041584014893
2038,8,9,0.689553797245026
2038,8,10,0.328049570322037
2038,8,11,2.92644309997559
2038,8,12,5.34344115294516e-4
2039,1,1,87.2639312744141
2039,1,2,1.1823388338089
2039,1,3,2.53730130195618
2039,1,4,1.75072813034058
2039,1,5,6.5744514465332
2039,1,6,10.4623136520386
2039,1,7,0
2039,1,8,0
2039,1,9,0.00806686468422413
2039,1,10,0.0121194999665022
2039,1,11,0.00345062324777246
2039,1,12,2.49685788154602
2039,2,1,61.0144920349121
2039,2,2,10.6095714569092
2039,2,3,11.6175098419189
2039,2,4,4.44535160064697
2039,2,5,9.20530700683594
2039,2,6,30.4488182067871
2039,2,7,0
2039,2,8,2.2829562658444e-4
2039,2,9,0.0418912135064602
2039,2,10,0.167027994990349
2039,2,11,0.0713977292180061
2039,2,12,3.07065081596375
2039,3,1,34.370044708252
2039,3,2,12.2748231887817
2039,3,3,9.22613048553467
2039,3,4,4.74467992782593
2039,3,5,16.8981800079346
2039,3,6,115.585350036621
2039,3,7,1.73396027088165
2039,3,8,0.0112499417737126
2039,3,9,0.146568134427071
2039,3,10,5.13793420791626
2039,3,11,0.704117655754089
2039,3,12,3.889479637146
2039,4,1,8.09728240966797
2039,4,2,8.04577827453613
2039,4,3,12.0777435302734
2039,4,4,5.9909348487854
2039,4,5,20.5219421386719
2039,4,6,124.286064147949
2039,4,7,0.23387037217617
2039,4,8,1.7909688949585
2039,4,9,0.234185591340065
2039,4,10,1.39748883247375
2039,4,11,1.22514939308167
2039,4,12,12.8138637542725
2039,5,1,15.4478893280029
2039,5,2,6.36052131652832
2039,5,3,22.8613052368164
2039,5,4,10.2606725692749
2039,5,5,35.9690551757813
2039,5,6,105.686149597168
2039,5,7,3.05261969566345
2039,5,8,5.26971817016602
2039,5,9,0.611092567443848
2039,5,10,0.744965553283691
2039,5,11,1.22847080230713
2039,5,12,0.00618908647447824
2039,6,1,4.6596941947937
2039,6,2,1.77737879753113
2039,6,3,12.9151210784912
2039,6,4,5.48640441894531
2039,6,5,30.4028739929199
2039,6,6,31.1523857116699
2039,6,7,7.00445318222046
2039,6,8,1.73572397232056
2039,6,9,0.952917456626892
2039,6,10,0.721045553684235
2039,6,11,0.279184848070145
2039,6,12,0.00139972928445786
2039,7,1,1.78044092655182
2039,7,2,0.172504752874374
2039,7,3,8.48915767669678
2039,7,4,5.50226306915283
2039,7,5,9.63371562957764
2039,7,6,7.38018035888672
2039,7,7,14.650333404541
2039,7,8,1.9750227928161601
2039,7,9,0.710772216320038
2039,7,10,0.22579367458820301
2039,7,11,0.0983393713831902
2039,7,12,5.47286181244999e-4
2039,8,1,1.15573966503143
2039,8,2,0.0840893164277077
2039,8,3,9.43966579437256
2039,8,4,6.35695171356201
2039,8,5,5.94492626190186
2039,8,6,3.80133962631226
2039,8,7,61.5464019775391
2039,8,8,4.29898071289063
2039,8,9,0.689553797245026
2039,8,10,0.328049570322037
2039,8,11,2.90273332595825
2039,8,12,5.34344115294516e-4
2040,1,1,86.606559753418
2040,1,2,1.23732149600983
2040,1,3,2.53730130195618
2040,1,4,1.80501961708069
2040,1,5,6.68407106399536
2040,1,6,10.6235332489014
2040,1,7,0
2040,1,8,0
2040,1,9,0.00806686468422413
2040,1,10,0.0119508681818843
2040,1,11,0.00345062324777246
2040,1,12,2.7742862701416
2040,2,1,59.3196487426758
2040,2,2,10.8680820465088
2040,2,3,12.1279611587524
2040,2,4,4.60382509231567
2040,2,5,9.62999248504639
2040,2,6,30.4536437988281
2040,2,7,0
2040,2,8,2.2829562658444e-4
2040,2,9,0.0418912135064602
2040,2,10,0.163752943277359
2040,2,11,0.0713977292180061
2040,2,12,3.41182851791382
2040,3,1,33.7992477416992
2040,3,2,12.2458019256592
2040,3,3,9.29955101013184
2040,3,4,4.74412679672241
2040,3,5,17.1305770874023
2040,3,6,115.42650604248
2040,3,7,1.79128348827362
2040,3,8,0.0112499417737126
2040,3,9,0.146568134427071
2040,3,10,5.101975440979
2040,3,11,0.704117655754089
2040,3,12,4.32151222229004
2040,4,1,7.94514131546021
2040,4,2,8.01465606689453
2040,4,3,11.8428497314453
2040,4,4,5.9504189491272
2040,4,5,20.6235828399658
2040,4,6,123.125633239746
2040,4,7,0.23387037217617
2040,4,8,1.89398550987244
2040,4,9,0.232504829764366
2040,4,10,1.39032781124115
2040,4,11,1.22514939308167
2040,4,12,14.2371463775635
2040,5,1,15.4478893280029
2040,5,2,6.36052131652832
2040,5,3,22.7601490020752
2040,5,4,10.3134145736694
2040,5,5,35.9690551757813
2040,5,6,105.509567260742
2040,5,7,3.05261969566345
2040,5,8,5.4947190284729
2040,5,9,0.611092567443848
2040,5,10,0.744965553283691
2040,5,11,1.22847080230713
2040,5,12,0.00618908647447824
2040,6,1,4.6596941947937
2040,6,2,1.77737879753113
2040,6,3,12.8404674530029
2040,6,4,5.47363662719727
2040,6,5,30.4028739929199
2040,6,6,31.1747817993164
2040,6,7,7.0106086730957
2040,6,8,1.77305090427399
2040,6,9,0.97446095943450906
2040,6,10,0.721045553684235
2040,6,11,0.279184848070145
2040,6,12,0.00139972928445786
2040,7,1,1.78044092655182
2040,7,2,0.172504752874374
2040,7,3,8.48915767669678
2040,7,4,5.49657726287842
2040,7,5,9.63371562957764
2040,7,6,7.37227725982666
2040,7,7,14.650333404541
2040,7,8,1.98861157894135
2040,7,9,0.710772216320038
2040,7,10,0.22579367458820301
2040,7,11,0.0983393713831902
2040,7,12,5.47286181244999e-4
2040,8,1,1.15573966503143
2040,8,2,0.0840893164277077
2040,8,3,9.40566921234131
2040,8,4,6.32609224319458
2040,8,5,5.94492626190186
2040,8,6,3.80133962631226
2040,8,7,61.5464019775391
2040,8,8,4.38754558563232
2040,8,9,0.689553797245026
2040,8,10,0.328049570322037
2040,8,11,2.87902402877808
2040,8,12,5.34344115294516e-4
2041,1,1,85.9491806030273
2041,1,2,1.29230427742004
2041,1,3,2.53730130195618
2041,1,4,1.8593111038208
2041,1,5,6.79369115829468
2041,1,6,10.7847528457642
2041,1,7,0
2041,1,8,0
2041,1,9,0.00806686468422413
2041,1,10,0.0117822363972664
2041,1,11,0.00345062324777246
2041,1,12,3.05171465873718
2041,2,1,57.6248016357422
2041,2,2,11.1265916824341
2041,2,3,12.6384105682373
2041,2,4,4.76229858398438
2041,2,5,10.0546798706055
2041,2,6,30.4584693908691
2041,2,7,0
2041,2,8,2.2829562658444e-4
2041,2,9,0.0418912135064602
2041,2,10,0.160477876663208
2041,2,11,0.0713977292180061
2041,2,12,3.75300574302673
2041,3,1,33.2284507751465
2041,3,2,12.2167797088623
2041,3,3,9.37296962738037
2041,3,4,4.74357318878174
2041,3,5,17.3629760742188
2041,3,6,115.26766204834
2041,3,7,1.8486065864563
2041,3,8,0.0112499417737126
2041,3,9,0.146568134427071
2041,3,10,5.06601619720459
2041,3,11,0.704117655754089
2041,3,12,4.75354528427124
2041,4,1,7.79300022125244
2041,4,2,7.98353338241577
2041,4,3,11.6079549789429
2041,4,4,5.90990352630615
2041,4,5,20.7252216339111
2041,4,6,121.965209960938
2041,4,7,0.23387037217617
2041,4,8,1.99700224399567
2041,4,9,0.230824068188667
2041,4,10,1.38316679000854
2041,4,11,1.22514939308167
2041,4,12,15.6604299545288
2041,5,1,15.4478893280029
2041,5,2,6.36052131652832
2041,5,3,22.6589946746826
2041,5,4,10.3661575317383
2041,5,5,35.9690551757813
2041,5,6,105.332977294922
2041,5,7,3.05261969566345
2041,5,8,5.71972036361694
2041,5,9,0.611092567443848
2041,5,10,0.744965553283691
2041,5,11,1.22847080230713
2041,5,12,0.00618908647447824
2041,6,1,4.6596941947937
2041,6,2,1.77737879753113
2041,6,3,12.7658138275146
2041,6,4,5.46086835861206
2041,6,5,30.4028739929199
2041,6,6,31.1971778869629
2041,6,7,7.01676368713379
2041,6,8,1.81037783622742
2041,6,9,0.996004462242126
2041,6,10,0.721045553684235
2041,6,11,0.279184848070145
2041,6,12,0.00139972928445786
2041,7,1,1.78044092655182
2041,7,2,0.172504752874374
2041,7,3,8.48915767669678
2041,7,4,5.49089097976685
2041,7,5,9.63371562957764
2041,7,6,7.36437463760376
2041,7,7,14.650333404541
2041,7,8,2.00220012664795
2041,7,9,0.710772216320038
2041,7,10,0.22579367458820301
2041,7,11,0.0983393713831902
2041,7,12,5.47286181244999e-4
2041,8,1,1.15573966503143
2041,8,2,0.0840893164277077
2041,8,3,9.37167263031006
2041,8,4,6.29523324966431
2041,8,5,5.94492626190186
2041,8,6,3.80133962631226
2041,8,7,61.5464019775391
2041,8,8,4.47611045837402
2041,8,9,0.689553797245026
2041,8,10,0.328049570322037
2041,8,11,2.85531425476074
2041,8,12,5.34344115294516e-4
2042,1,1,85.2918167114258
2042,1,2,1.34728705883026
2042,1,3,2.53730130195618
2042,1,4,1.91360259056091
2042,1,5,6.90331077575684
2042,1,6,10.945972442627
2042,1,7,0
2042,1,8,0
2042,1,9,0.00806686468422413
2042,1,10,0.0116136046126485
2042,1,11,0.00345062324777246
2042,1,12,3.32914304733276
2042,2,1,55.9299507141113
2042,2,2,11.3851022720337
2042,2,3,13.1488599777222
2042,2,4,4.92077207565308
2042,2,5,10.4793663024902
2042,2,6,30.4632949829102
2042,2,7,0
2042,2,8,2.2829562658444e-4
2042,2,9,0.0418912135064602
2042,2,10,0.157202824950218
2042,2,11,0.0713977292180061
2042,2,12,4.09418344497681
2042,3,1,32.6576499938965
2042,3,2,12.1877574920654
2042,3,3,9.44638919830322
2042,3,4,4.74301958084106
2042,3,5,17.5953750610352
2042,3,6,115.108825683594
2042,3,7,1.90592992305756
2042,3,8,0.0112499417737126
2042,3,9,0.146568134427071
2042,3,10,5.03005647659302
2042,3,11,0.704117655754089
2042,3,12,5.18557834625244
2042,4,1,7.64085912704468
2042,4,2,7.95241022109985
2042,4,3,11.3730611801147
2042,4,4,5.86938762664795
2042,4,5,20.8268604278564
2042,4,6,120.804786682129
2042,4,7,0.23387037217617
2042,4,8,2.10001873970032
2042,4,9,0.22914332151413
2042,4,10,1.37600588798523
2042,4,11,1.22514939308167
2042,4,12,17.0837135314941
2042,5,1,15.4478893280029
2042,5,2,6.36052131652832
2042,5,3,22.5578365325928
2042,5,4,10.4188995361328
2042,5,5,35.9690551757813
2042,5,6,105.156387329102
2042,5,7,3.05261969566345
2042,5,8,5.94472122192383
2042,5,9,0.611092567443848
2042,5,10,0.744965553283691
2042,5,11,1.22847080230713
2042,5,12,0.00618908647447824
2042,6,1,4.6596941947937
2042,6,2,1.77737879753113
2042,6,3,12.6911592483521
2042,6,4,5.44810056686401
2042,6,5,30.4028739929199
2042,6,6,31.2195739746094
2042,6,7,7.02291917800903
2042,6,8,1.84770488739014
2042,6,9,1.01754796504974
2042,6,10,0.721045553684235
2042,6,11,0.279184848070145
2042,6,12,0.00139972928445786
2042,7,1,1.78044092655182
2042,7,2,0.172504752874374
2042,7,3,8.48915767669678
2042,7,4,5.48520517349243
2042,7,5,9.63371562957764
2042,7,6,7.3564715385437
2042,7,7,14.650333404541
2042,7,8,2.01578903198242
2042,7,9,0.710772216320038
2042,7,10,0.22579367458820301
2042,7,11,0.0983393713831902
2042,7,12,5.47286181244999e-4
2042,8,1,1.15573966503143
2042,8,2,0.0840893164277077
2042,8,3,9.33767604827881
2042,8,4,6.26437425613403
2042,8,5,5.94492626190186
2042,8,6,3.80133962631226
2042,8,7,61.5464019775391
2042,8,8,4.56467533111572
2042,8,9,0.689553797245026
2042,8,10,0.328049570322037
2042,8,11,2.83160471916199
2042,8,12,5.34344115294516e-4
2043,1,1,84.6344375610352
2043,1,2,1.40226972103119
2043,1,3,2.53730130195618
2043,1,4,1.96789395809174
2043,1,5,7.01293087005615
2043,1,6,11.1071920394897
2043,1,7,0
2043,1,8,0
2043,1,9,0.00806686468422413
2043,1,10,0.0114449728280306
2043,1,11,0.00345062324777246
2043,1,12,3.60657143592834
2043,2,1,54.235107421875
2043,2,2,11.643611907959
2043,2,3,13.6593112945557
2043,2,4,5.07924652099609
2043,2,5,10.9040517807007
2043,2,6,30.4681186676025
2043,2,7,0
2043,2,8,2.2829562658444e-4
2043,2,9,0.0418912135064602
2043,2,10,0.153927758336067
2043,2,11,0.0713977292180061
2043,2,12,4.4353609085083
2043,3,1,32.086856842041
2043,3,2,12.1587352752686
2043,3,3,9.51980972290039
2043,3,4,4.74246597290039
2043,3,5,17.8277740478516
2043,3,6,114.949981689453
2043,3,7,1.96325302124023
2043,3,8,0.0112499417737126
2043,3,9,0.146568134427071
2043,3,10,4.9940972328186
2043,3,11,0.704117655754089
2043,3,12,5.61761093139648
2043,4,1,7.48871803283691
2043,4,2,7.92128753662109
2043,4,3,11.1381683349609
2043,4,4,5.82887125015259
2043,4,5,20.9285011291504
2043,4,6,119.64436340332
2043,4,7,0.23387037217617
2043,4,8,2.20303535461426
2043,4,9,0.22746254503727
2043,4,10,1.36884474754333
2043,4,11,1.22514939308167
2043,4,12,18.5069961547852
2043,5,1,15.4478893280029
2043,5,2,6.36052131652832
2043,5,3,22.4566802978516
2043,5,4,10.4716424942017
2043,5,5,35.9690551757813
2043,5,6,104.979804992676
2043,5,7,3.05261969566345
2043,5,8,6.16972208023071
2043,5,9,0.611092567443848
2043,5,10,0.744965553283691
2043,5,11,1.22847080230713
2043,5,12,0.00618908647447824
2043,6,1,4.6596941947937
2043,6,2,1.77737879753113
2043,6,3,12.6165056228638
2043,6,4,5.43533229827881
2043,6,5,30.4028739929199
2043,6,6,31.2419700622559
2043,6,7,7.02907419204712
2043,6,8,1.88503170013428
2043,6,9,1.03909158706665
2043,6,10,0.721045553684235
2043,6,11,0.279184848070145
2043,6,12,0.00139972928445786
2043,7,1,1.78044092655182
2043,7,2,0.172504752874374
2043,7,3,8.48915767669678
2043,7,4,5.47951936721802
2043,7,5,9.63371562957764
2043,7,6,7.3485689163208
2043,7,7,14.650333404541
2043,7,8,2.02937793731689
2043,7,9,0.710772216320038
2043,7,10,0.22579367458820301
2043,7,11,0.0983393713831902
2043,7,12,5.47286181244999e-4
2043,8,1,1.15573966503143
2043,8,2,0.0840893164277077
2043,8,3,9.30367946624756
2043,8,4,6.23351573944092
2043,8,5,5.94492626190186
2043,8,6,3.80133962631226
2043,8,7,61.5464019775391
2043,8,8,4.65324068069458
2043,8,9,0.689553797245026
2043,8,10,0.328049570322037
2043,8,11,2.80789494514465
2043,8,12,5.34344115294516e-4
2044,1,1,83.9770584106445
2044,1,2,1.45725238323212
2044,1,3,2.53730130195618
2044,1,4,2.02218556404114
2044,1,5,7.12255096435547
2044,1,6,11.2684106826782
2044,1,7,0
2044,1,8,0
2044,1,9,0.00806686468422413
2044,1,10,0.0112763410434127
2044,1,11,0.00345062324777246
2044,1,12,3.88400030136108
2044,2,1,52.5402565002441
2044,2,2,11.9021224975586
2044,2,3,14.1697607040405
2044,2,4,5.23771953582764
2044,2,5,11.3287382125854
2044,2,6,30.4729423522949
2044,2,7,0
2044,2,8,2.2829562658444e-4
2044,2,9,0.0418912135064602
2044,2,10,0.150652706623077
2044,2,11,0.0713977292180061
2044,2,12,4.77653884887695
2044,3,1,31.5160598754883
2044,3,2,12.1297130584717
2044,3,3,9.59322929382324
2044,3,4,4.74191236495972
2044,3,5,18.0601711273193
2044,3,6,114.791137695313
2044,3,7,2.0205762386322
2044,3,8,0.0112499417737126
2044,3,9,0.146568134427071
2044,3,10,4.95813798904419
2044,3,11,0.704117655754089
2044,3,12,6.04964399337769
2044,4,1,7.33657741546631
2044,4,2,7.89016485214233
2044,4,3,10.9032745361328
2044,4,4,5.78835582733154
2044,4,5,21.0301399230957
2044,4,6,118.483940124512
2044,4,7,0.23387037217617
2044,4,8,2.3060519695282
2044,4,9,0.225781798362732
2044,4,10,1.36168384552002
2044,4,11,1.22514939308167
2044,4,12,19.9302806854248
2044,5,1,15.4478893280029
2044,5,2,6.36052131652832
2044,5,3,22.3555240631104
2044,5,4,10.5243844985962
2044,5,5,35.9690551757813
2044,5,6,104.803215026855
2044,5,7,3.05261969566345
2044,5,8,6.39472389221191
2044,5,9,0.611092567443848
2044,5,10,0.744965553283691
2044,5,11,1.22847080230713
2044,5,12,0.00618908647447824
2044,6,1,4.6596941947937
2044,6,2,1.77737879753113
2044,6,3,12.5418510437012
2044,6,4,5.42256450653076
2044,6,5,30.4028739929199
2044,6,6,31.2643661499023
2044,6,7,7.03522968292236
2044,6,8,1.92235863208771
2044,6,9,1.06063508987427
2044,6,10,0.721045553684235
2044,6,11,0.279184848070145
2044,6,12,0.00139972928445786
2044,7,1,1.78044092655182
2044,7,2,0.172504752874374
2044,7,3,8.48915767669678
2044,7,4,5.4738335609436
2044,7,5,9.63371562957764
2044,7,6,7.3406662940979
2044,7,7,14.650333404541
2044,7,8,2.04296660423279
2044,7,9,0.710772216320038
2044,7,10,0.22579367458820301
2044,7,11,0.0983393713831902
2044,7,12,5.47286181244999e-4
2044,8,1,1.15573966503143
2044,8,2,0.0840893164277077
2044,8,3,9.26968383789063
2044,8,4,6.20265674591064
2044,8,5,5.94492626190186
2044,8,6,3.80133962631226
2044,8,7,61.5464019775391
2044,8,8,4.74180507659912
2044,8,9,0.689553797245026
2044,8,10,0.328049570322037
2044,8,11,2.7841854095459
2044,8,12,5.34344115294516e-4
2045,1,1,83.319694519043
2045,1,2,1.51223516464233
2045,1,3,2.53730130195618
2045,1,4,2.07647705078125
2045,1,5,7.23217010498047
2045,1,6,11.4296312332153
2045,1,7,0
2045,1,8,0
2045,1,9,0.00806686468422413
2045,1,10,0.0111077092587948
2045,1,11,0.00345062324777246
2045,1,12,4.16142892837524
2045,2,1,50.8454093933105
2045,2,2,12.1606321334839
2045,2,3,14.6802110671997
2045,2,4,5.39619302749634
2045,2,5,11.7534236907959
2045,2,6,30.4777660369873
2045,2,7,0
2045,2,8,2.2829562658444e-4
2045,2,9,0.0418912135064602
2045,2,10,0.147377640008926
2045,2,11,0.0713977292180061
2045,2,12,5.11771631240845
2045,3,1,30.9452610015869
2045,3,2,12.1006908416748
2045,3,3,9.66664886474609
2045,3,4,4.74135875701904
2045,3,5,18.2925701141357
2045,3,6,114.632293701172
2045,3,7,2.07789921760559
2045,3,8,0.0112499417737126
2045,3,9,0.146568134427071
2045,3,10,4.92217922210693
2045,3,11,0.704117655754089
2045,3,12,6.48167753219604
2045,4,1,7.1844367980957
2045,4,2,7.85904216766357
2045,4,3,10.6683797836304
2045,4,4,5.74783992767334
2045,4,5,21.1317806243896
2045,4,6,117.323516845703
2045,4,7,0.23387037217617
2045,4,8,2.40906858444214
2045,4,9,0.224101051688194
2045,4,10,1.35452270507813
2045,4,11,1.22514939308167
2045,4,12,21.3535652160645
2045,5,1,15.4478893280029
2045,5,2,6.36052131652832
2045,5,3,22.2543678283691
2045,5,4,10.577127456665
2045,5,5,35.9690551757813
2045,5,6,104.62663269043
2045,5,7,3.05261969566345
2045,5,8,6.6197247505188
2045,5,9,0.611092567443848
2045,5,10,0.744965553283691
2045,5,11,1.22847080230713
2045,5,12,0.00618908647447824
2045,6,1,4.6596941947937
2045,6,2,1.77737879753113
2045,6,3,12.4671974182129
2045,6,4,5.40979623794556
2045,6,5,30.4028739929199
2045,6,6,31.2867622375488
2045,6,7,7.04138469696045
2045,6,8,1.95968568325043
2045,6,9,1.08217859268188
2045,6,10,0.721045553684235
2045,6,11,0.279184848070145
2045,6,12,0.00139972928445786
2045,7,1,1.78044092655182
2045,7,2,0.172504752874374
2045,7,3,8.48915767669678
2045,7,4,5.46814727783203
2045,7,5,9.63371562957764
2045,7,6,7.33276319503784
2045,7,7,14.650333404541
2045,7,8,2.05655527114868
2045,7,9,0.710772216320038
2045,7,10,0.22579367458820301
2045,7,11,0.0983393713831902
2045,7,12,5.47286181244999e-4
2045,8,1,1.15573966503143
2045,8,2,0.0840893164277077
2045,8,3,9.23568725585938
2045,8,4,6.17179775238037
2045,8,5,5.94492626190186
2045,8,6,3.80133962631226
2045,8,7,61.5464019775391
2045,8,8,4.83037042617798
2045,8,9,0.689553797245026
2045,8,10,0.328049570322037
2045,8,11,2.76047587394714
2045,8,12,5.34344115294516e-4
2046,1,1,82.6623229980469
2046,1,2,1.56721794605255
2046,1,3,2.53730130195618
2046,1,4,2.13076829910278
2046,1,5,7.34179019927979
2046,1,6,11.5908489227295
2046,1,7,0
2046,1,8,0
2046,1,9,0.00806686468422413
2046,1,10,0.0109390774741769
2046,1,11,0.00345062324777246
2046,1,12,4.43885660171509
2046,2,1,49.150562286377
2046,2,2,12.4191417694092
2046,2,3,15.1906604766846
2046,2,4,5.5546669960022
2046,2,5,12.1781101226807
2046,2,6,30.4825916290283
2046,2,7,0
2046,2,8,2.2829562658444e-4
2046,2,9,0.0418912135064602
2046,2,10,0.144102588295937
2046,2,11,0.0713977292180061
2046,2,12,5.45889377593994
2046,3,1,30.3744621276855
2046,3,2,12.0716686248779
2046,3,3,9.74006938934326
2046,3,4,4.74080562591553
2046,3,5,18.5249691009521
2046,3,6,114.473449707031
2046,3,7,2.13522243499756
2046,3,8,0.0112499417737126
2046,3,9,0.146568134427071
2046,3,10,4.88621997833252
2046,3,11,0.704117655754089
2046,3,12,6.91370964050293
2046,4,1,7.03229570388794
2046,4,2,7.82791948318481
2046,4,3,10.4334859848022
2046,4,4,5.70732402801514
2046,4,5,21.233419418335
2046,4,6,116.1630859375
2046,4,7,0.23387037217617
2046,4,8,2.51208519935608
2046,4,9,0.222420290112495
2046,4,10,1.34736180305481
2046,4,11,1.22514939308167
2046,4,12,22.7768478393555
2046,5,1,15.4478893280029
2046,5,2,6.36052131652832
2046,5,3,22.1532115936279
2046,5,4,10.6298694610596
2046,5,5,35.9690551757813
2046,5,6,104.450042724609
2046,5,7,3.05261969566345
2046,5,8,6.84472608566284
2046,5,9,0.611092567443848
2046,5,10,0.744965553283691
2046,5,11,1.22847080230713
2046,5,12,0.00618908647447824
2046,6,1,4.6596941947937
2046,6,2,1.77737879753113
2046,6,3,12.3925437927246
2046,6,4,5.39702844619751
2046,6,5,30.4028739929199
2046,6,6,31.3091583251953
2046,6,7,7.04754018783569
2046,6,8,1.99701261520386
2046,6,9,1.1037220954895
2046,6,10,0.721045553684235
2046,6,11,0.279184848070145
2046,6,12,0.00139972928445786
2046,7,1,1.78044092655182
2046,7,2,0.172504752874374
2046,7,3,8.48915767669678
2046,7,4,5.46246147155762
2046,7,5,9.63371562957764
2046,7,6,7.32486057281494
2046,7,7,14.650333404541
2046,7,8,2.07014417648315
2046,7,9,0.710772216320038
2046,7,10,0.22579367458820301
2046,7,11,0.0983393713831902
2046,7,12,5.47286181244999e-4
2046,8,1,1.15573966503143
2046,8,2,0.0840893164277077
2046,8,3,9.20169067382813
2046,8,4,6.1409387588501
2046,8,5,5.94492626190186
2046,8,6,3.80133962631226
2046,8,7,61.5464019775391
2046,8,8,4.91893529891968
2046,8,9,0.689553797245026
2046,8,10,0.328049570322037
2046,8,11,2.73676633834839
2046,8,12,5.34344115294516e-4
2047,1,1,82.0049438476563
2047,1,2,1.62220072746277
2047,1,3,2.53730130195618
2047,1,4,2.1850597858429
2047,1,5,7.4514102935791
2047,1,6,11.7520685195923
2047,1,7,0
2047,1,8,0
2047,1,9,0.00806686468422413
2047,1,10,0.0107704447582364
2047,1,11,0.00345062324777246
2047,1,12,4.71628570556641
2047,2,1,47.4557189941406
2047,2,2,12.6776523590088
2047,2,3,15.7011127471924
2047,2,4,5.71314001083374
2047,2,5,12.6027965545654
2047,2,6,30.4874172210693
2047,2,7,0
2047,2,8,2.2829562658444e-4
2047,2,9,0.0418912135064602
2047,2,10,0.140827536582947
2047,2,11,0.0713977292180061
2047,2,12,5.80007171630859
2047,3,1,29.8036651611328
2047,3,2,12.0426464080811
2047,3,3,9.81348896026611
2047,3,4,4.74025201797485
2047,3,5,18.7573680877686
2047,3,6,114.314605712891
2047,3,7,2.19254565238953
2047,3,8,0.0112499417737126
2047,3,9,0.146568134427071
2047,3,10,4.85026073455811
2047,3,11,0.704117655754089
2047,3,12,7.34574270248413
2047,4,1,6.88015460968018
2047,4,2,7.7967963218689
2047,4,3,10.1985931396484
2047,4,4,5.66680812835693
2047,4,5,21.3350601196289
2047,4,6,115.002662658691
2047,4,7,0.23387037217617
2047,4,8,2.61510157585144
2047,4,9,0.220739528536797
2047,4,10,1.3402007818222
2047,4,11,1.22514939308167
2047,4,12,24.2001323699951
2047,5,1,15.4478893280029
2047,5,2,6.36052131652832
2047,5,3,22.0520553588867
2047,5,4,10.6826114654541
2047,5,5,35.9690551757813
2047,5,6,104.273452758789
2047,5,7,3.05261969566345
2047,5,8,7.06972694396973
2047,5,9,0.611092567443848
2047,5,10,0.744965553283691
2047,5,11,1.22847080230713
2047,5,12,0.00618908647447824
2047,6,1,4.6596941947937
2047,6,2,1.77737879753113
2047,6,3,12.3178901672363
2047,6,4,5.38426065444946
2047,6,5,30.4028739929199
2047,6,6,31.3315544128418
2047,6,7,7.05369567871094
2047,6,8,2.034339427948
2047,6,9,1.12526559829712
2047,6,10,0.721045553684235
2047,6,11,0.279184848070145
2047,6,12,0.00139972928445786
2047,7,1,1.78044092655182
2047,7,2,0.172504752874374
2047,7,3,8.48915767669678
2047,7,4,5.4567756652832
2047,7,5,9.63371562957764
2047,7,6,7.31695795059204
2047,7,7,14.650333404541
2047,7,8,2.08373260498047
2047,7,9,0.710772216320038
2047,7,10,0.22579367458820301
2047,7,11,0.0983393713831902
2047,7,12,5.47286181244999e-4
2047,8,1,1.15573966503143
2047,8,2,0.0840893164277077
2047,8,3,9.16769409179688
2047,8,4,6.11007976531982
2047,8,5,5.94492626190186
2047,8,6,3.80133962631226
2047,8,7,61.5464019775391
2047,8,8,5.00750064849854
2047,8,9,0.689553797245026
2047,8,10,0.328049570322037
2047,8,11,2.71305656433105
2047,8,12,5.34344115294516e-4
2048,1,1,81.3475723266602
2048,1,2,1.67718327045441
2048,1,3,2.53730130195618
2048,1,4,2.23935127258301
2048,1,5,7.56103038787842
2048,1,6,11.9132890701294
2048,1,7,0
2048,1,8,0
2048,1,9,0.00806686468422413
2048,1,10,0.0106018129736185
2048,1,11,0.00345062324777246
2048,1,12,4.99371433258057
2048,2,1,45.760871887207
2048,2,2,12.9361619949341
2048,2,3,16.2115612030029
2048,2,4,5.87161350250244
2048,2,5,13.0274820327759
2048,2,6,30.4922428131104
2048,2,7,0
2048,2,8,2.2829562658444e-4
2048,2,9,0.0418912135064602
2048,2,10,0.137552469968796
2048,2,11,0.0713977292180061
2048,2,12,6.14124917984009
2048,3,1,29.2328701019287
2048,3,2,12.0136241912842
2048,3,3,9.88690853118896
2048,3,4,4.73969841003418
2048,3,5,18.989767074585
2048,3,6,114.15576171875
2048,3,7,2.24986863136292
2048,3,8,0.0112499417737126
2048,3,9,0.146568134427071
2048,3,10,4.81430149078369
2048,3,11,0.704117655754089
2048,3,12,7.77777671813965
2048,4,1,6.72801351547241
2048,4,2,7.76567411422729
2048,4,3,9.96369934082031
2048,4,4,5.62629222869873
2048,4,5,21.4366989135742
2048,4,6,113.842239379883
2048,4,7,0.23387037217617
2048,4,8,2.71811819076538
2048,4,9,0.219058766961098
2048,4,10,1.3330397605896
2048,4,11,1.22514939308167
2048,4,12,25.6234149932861
2048,5,1,15.4478893280029
2048,5,2,6.36052131652832
2048,5,3,21.9508991241455
2048,5,4,10.7353544235229
2048,5,5,35.9690551757813
2048,5,6,104.096870422363
2048,5,7,3.05261969566345
2048,5,8,7.29472780227661
2048,5,9,0.611092567443848
2048,5,10,0.744965553283691
2048,5,11,1.22847080230713
2048,5,12,0.00618908647447824
2048,6,1,4.6596941947937
2048,6,2,1.77737879753113
2048,6,3,12.2432355880737
2048,6,4,5.37149238586426
2048,6,5,30.4028739929199
2048,6,6,31.3539505004883
2048,6,7,7.05985069274902
2048,6,8,2.07166647911072
2048,6,9,1.14680922031403
2048,6,10,0.721045553684235
2048,6,11,0.279184848070145
2048,6,12,0.00139972928445786
2048,7,1,1.78044092655182
2048,7,2,0.172504752874374
2048,7,3,8.48915767669678
2048,7,4,5.45108985900879
2048,7,5,9.63371562957764
2048,7,6,7.30905485153198
2048,7,7,14.650333404541
2048,7,8,2.09732151031494
2048,7,9,0.710772216320038
2048,7,10,0.22579367458820301
2048,7,11,0.0983393713831902
2048,7,12,5.47286181244999e-4
2048,8,1,1.15573966503143
2048,8,2,0.0840893164277077
2048,8,3,9.13369750976563
2048,8,4,6.07922029495239
2048,8,5,5.94492626190186
2048,8,6,3.80133962631226
2048,8,7,61.5464019775391
2048,8,8,5.09606552124023
2048,8,9,0.689553797245026
2048,8,10,0.328049570322037
2048,8,11,2.6893470287323
2048,8,12,5.34344115294516e-4
2049,1,1,80.6902008056641
2049,1,2,1.73216605186462
2049,1,3,2.53730130195618
2049,1,4,2.29364252090454
2049,1,5,7.67064952850342
2049,1,6,12.0745067596436
2049,1,7,0
2049,1,8,0
2049,1,9,0.00806686468422413
2049,1,10,0.0104331811890006
2049,1,11,0.00345062324777246
2049,1,12,5.27114248275757
2049,2,1,44.0660247802734
2049,2,2,13.1946725845337
2049,2,3,16.7220115661621
2049,2,4,6.0300874710083
2049,2,5,13.4521675109863
2049,2,6,30.4970645904541
2049,2,7,0
2049,2,8,2.2829562658444e-4
2049,2,9,0.0418912135064602
2049,2,10,0.134277403354645
2049,2,11,0.0713977292180061
2049,2,12,6.48242664337158
2049,3,1,28.662073135376
2049,3,2,11.9846019744873
2049,3,3,9.96032905578613
2049,3,4,4.73914432525635
2049,3,5,19.2221660614014
2049,3,6,113.996925354004
2049,3,7,2.30719208717346
2049,3,8,0.0112499417737126
2049,3,9,0.146568134427071
2049,3,10,4.77834224700928
2049,3,11,0.704117655754089
2049,3,12,8.20980930328369
2049,4,1,6.57587242126465
2049,4,2,7.73455142974854
2049,4,3,9.72880554199219
2049,4,4,5.58577632904053
2049,4,5,21.5383377075195
2049,4,6,112.681816101074
2049,4,7,0.23387037217617
2049,4,8,2.82113480567932
2049,4,9,0.21737802028656
2049,4,10,1.32587873935699
2049,4,11,1.22514939308167
2049,4,12,27.0466957092285
2049,5,1,15.4478893280029
2049,5,2,6.36052131652832
2049,5,3,21.8497447967529
2049,5,4,10.7880973815918
2049,5,5,35.9690551757813
2049,5,6,103.920272827148
2049,5,7,3.05261969566345
2049,5,8,7.5197286605835
2049,5,9,0.611092567443848
2049,5,10,0.744965553283691
2049,5,11,1.22847080230713
2049,5,12,0.00618908647447824
2049,6,1,4.6596941947937
2049,6,2,1.77737879753113
2049,6,3,12.1685819625854
2049,6,4,5.35872411727905
2049,6,5,30.4028739929199
2049,6,6,31.3763465881348
2049,6,7,7.06600618362427
2049,6,8,2.10899353027344
2049,6,9,1.16835272312164
2049,6,10,0.721045553684235
2049,6,11,0.279184848070145
2049,6,12,0.00139972928445786
2049,7,1,1.78044092655182
2049,7,2,0.172504752874374
2049,7,3,8.48915767669678
2049,7,4,5.44540405273438
2049,7,5,9.63371562957764
2049,7,6,7.30115222930908
2049,7,7,14.650333404541
2049,7,8,2.11091017723084
2049,7,9,0.710772216320038
2049,7,10,0.22579367458820301
2049,7,11,0.0983393713831902
2049,7,12,5.47286181244999e-4
2049,8,1,1.15573966503143
2049,8,2,0.0840893164277077
2049,8,3,9.09970092773438
2049,8,4,6.04836130142212
2049,8,5,5.94492626190186
2049,8,6,3.80133962631226
2049,8,7,61.5464019775391
2049,8,8,5.18463039398193
2049,8,9,0.689553797245026
2049,8,10,0.328049570322037
2049,8,11,2.66563725471497
2049,8,12,5.34344115294516e-4
2050,1,1,80.032829284668
2050,1,2,1.78714871406555
2050,1,3,2.53730130195618
2050,1,4,2.34793400764465
2050,1,5,7.78026962280273
2050,1,6,12.2357273101807
2050,1,7,0
2050,1,8,0
2050,1,9,0.00806686468422413
2050,1,10,0.0102645494043827
2050,1,11,0.00345062324777246
2050,1,12,5.54857110977173
2050,2,1,42.3711776733398
2050,2,2,13.453182220459
2050,2,3,17.2324619293213
2050,2,4,6.188560962677
2050,2,5,13.8768539428711
2050,2,6,30.5018901824951
2050,2,7,0
2050,2,8,2.2829562658444e-4
2050,2,9,0.0418912135064602
2050,2,10,0.131002351641655
2050,2,11,0.0713977292180061
2050,2,12,6.82360458374023
2050,3,1,28.0912761688232
2050,3,2,11.9555797576904
2050,3,3,10.033748626709
2050,3,4,4.73859119415283
2050,3,5,19.4545650482178
2050,3,6,113.838081359863
2050,3,7,2.36451506614685
2050,3,8,0.0112499417737126
2050,3,9,0.146568134427071
2050,3,10,4.74238300323486
2050,3,11,0.704117655754089
2050,3,12,8.64184188842773
2050,4,1,6.42373132705688
2050,4,2,7.70342826843262
2050,4,3,9.49391174316406
2050,4,4,5.54526042938232
2050,4,5,21.6399784088135
2050,4,6,111.521392822266
2050,4,7,0.23387037217617
2050,4,8,2.92415142059326
2050,4,9,0.2156972438097
2050,4,10,1.31871771812439
2050,4,11,1.22514939308167
2050,4,12,28.4699802398682
2050,5,1,15.4478893280029
2050,5,2,6.36052131652832
2050,5,3,21.7485866546631
2050,5,4,10.8408393859863
2050,5,5,35.9690551757813
2050,5,6,103.743690490723
2050,5,7,3.05261969566345
2050,5,8,7.74472999572754
2050,5,9,0.611092567443848
2050,5,10,0.744965553283691
2050,5,11,1.22847080230713
2050,5,12,0.00618908647447824
2050,6,1,4.6596941947937
2050,6,2,1.77737879753113
2050,6,3,12.0939283370972
2050,6,4,5.34595584869385
2050,6,5,30.4028739929199
2050,6,6,31.3987426757813
2050,6,7,7.07216119766235
2050,6,8,2.14632034301758
2050,6,9,1.18989622592926
2050,6,10,0.721045553684235
2050,6,11,0.279184848070145
2050,6,12,0.00139972928445786
2050,7,1,1.78044092655182
2050,7,2,0.172504752874374
2050,7,3,8.48915767669678
2050,7,4,5.4397177696228
2050,7,5,9.63371562957764
2050,7,6,7.29324913024902
2050,7,7,14.650333404541
2050,7,8,2.12449908256531
2050,7,9,0.710772216320038
2050,7,10,0.22579367458820301
2050,7,11,0.0983393713831902
2050,7,12,5.47286181244999e-4
2050,8,1,1.15573966503143
2050,8,2,0.0840893164277077
2050,8,3,9.06570529937744
2050,8,4,6.01750230789185
2050,8,5,5.94492626190186
2050,8,6,3.80133962631226
2050,8,7,61.5464019775391
2050,8,8,5.27319526672363
2050,8,9,0.689553797245026
2050,8,10,0.328049570322037
2050,8,11,2.64192771911621
2050,8,12,5.34344115294516e-4
